word|pos|text|basis|needle|reason
a|det|一个|Z|表示一個|保留不定冠词计数义；省略字母及噪声
by|prep|通过|Z|经由|合并经由与经过；省略零散搭配义
passage|noun|段落|Z|段落|保留文本义；省略专门与低频义
passage|noun|通道|Z|通道|保留不同的空间义
i|pron|我|Z|我|仅取英语代词义
people|noun|人们|Z|人們|合并人们与人种方向，后者语义不同但原文过简暂省
work|noun|工作|Z|工作|名词义
work|verb|做工|Z|做工|动词义
who|pron|谁|W|谁|沿用20词试裁定的词义；Z逐行原文保全，但v4en未留该词CSV证据行，隔离库用W行绑定
take|verb|拿|Z|拿|省略举行等次要义
woman|noun|女人|Z|女人，女性|合并女人与妇女
now|adv|现在|Z|现在|保留时间副词
now|conj|既然|Z|既然|保留不同的连接义
know|verb|知道|Z|知道|保留知识义
know|verb|认识|Z|認識|保留相识义
come|verb|来|Z|来|两源重复
business|noun|企业|Z|企業|保留组织义
business|noun|工作|Z|工作|保留事务义
education|noun|教育|Z|教育|唯一主要义
blank|noun|空白|Z|空白|省略领域术语与不可靠W值
important|adj|重要的|Z|重要的|沿用20词试裁定
build|verb|建造|Z|建造|实物建造
build|verb|建立|Z|建立|抽象建立
early|adj|早的|Z|早的|形容词试判
early|adv|早|Z|早|副词试判
play|verb|玩|Z|遊玩|沿用20词试裁定
play|verb|演奏|Z|演奏|沿用20词试裁定
play|verb|播放|Z|播放|沿用20词试裁定
play|noun|剧|Z|剧|沿用20词试裁定
worker|noun|工人|Z|工人|合并工人职工
kind|noun|类型|Z|类型|W亲切属另一词性且缺逐义依据
plan|noun|计划|W|计划|Z中词语说明不是英语逐义原文
possible|adj|可能的|Z|可能的|合并可能有的与可能的
individual|noun|个体|Z|个体|保留名词
individual|adj|独立的|Z|独立|形容词语义试判
open|verb|打开|Z|打开|动词试判
open|adj|开放的|Z|開放的|形容词试判
fall|verb|落下|W|落|Z缺英语候选，W补动词
office|noun|办公室|Z|辦公室|省略局处近义
ever|adv|曾经|Z|曾經|W从不与原词不符
receive|verb|收到|W|收到|Z缺英语候选
within|prep|在……之内|Z|在...之内|合并范围和内部表达
meet|verb|遇见|Z|遇見|人与人相遇义
meet|verb|符合|AI||重要的符合条件义，现有两源原文不足，待人工确认不展示
music|noun|音乐|Z|音乐|省略噪声和低频义
medical|adj|医学的|Z|醫學的|医学方向
medical|adj|医疗的|Z|醫療的|医疗用途方向
again|adv|再次|Z|再次|主要义
purpose|noun|目的|Z|目的|合并目标意图
performance|noun|表演|Z|表演；演出|沿用20词试裁定
performance|noun|执行|Z|执行|沿用20词试裁定
performance|noun|性能|Z|性能|沿用20词试裁定
prove|verb|证明|Z|证明|沿用20词试裁定
pressure|noun|压力|Z|压力|合并压力压强，省略电压
hope|noun|希望|Z|希望|名词义
survey|noun|调查|W|民意測驗|W补调查方向；Z含词形噪声
responsibility|noun|责任|Z|責任|合并承担义
relate|verb|讲述|Z|说故事|叙述方向
relate|verb|有关联|Z|有关联|关系方向
itself|pron|它自己|Z|它自己|合并本身
climate|noun|气候|Z|氣候|自然环境义
climate|noun|气氛|Z|氣氛|比喻环境义
gain|verb|获得|Z|获得|W基因显然不相干
suffer|verb|受苦|Z|受苦|痛苦方向
suffer|verb|承受|Z|承受|承受遭遇方向
therefore|adv|因此|Z|因而|改写近义连接副词
respect|noun|尊敬|Z|尊敬|态度义
respect|noun|方面|Z|方面|方面义
mistake|noun|错误|Z|错误|名词试判
mistake|verb|弄错|Z|弄错|动词试判
hotel|noun|酒店|W|酒店|Z缺英语候选
trip|noun|旅行|Z|旅行，旅游|行程义
trip|verb|绊倒|Z|绊，绊倒|动词义
aspect|noun|方面|Z|方面|合并侧面面向
cold|adj|冷的|Z|冷|形容词试判
cold|noun|感冒|Z|感冒|名词试判
stage|noun|舞台|Z|舞台|表演场所
stage|noun|阶段|Z|階段|过程阶段
underline|verb|在……下面划线|Z|划线于...之下|动词文字义
underline|verb|强调|Z|加强|抽象强调义，改写
reveal|verb|揭示|Z|揭示|合并展现显明
reveal|verb|泄露|Z|泄露|保留透露秘密义
factory|noun|工厂|Z|工厂|合并制造厂
flight|noun|飞行|Z|飞行|飞行活动
flight|noun|航程|Z|航程|航班行程
chief|noun|首领|Z|首领|名词义
chief|adj|主要的|W|主要|W补形容词义
represent|verb|代表|Z|代表|沿用20词试裁定
represent|verb|表示|Z|表示|沿用20词试裁定
represent|verb|象征|Z|象征|沿用20词试裁定
voice|noun|声音|Z|聲音|合并声与话音
imagine|verb|想象|Z|想象|主导义
instruction|noun|指令|Z|指令|命令义
instruction|noun|指导|Z|指导|教学指导义
release|verb|释放|Z|释放|动词语义试判
release|verb|发布|Z|发布|发布方向
efficiency|noun|效率|Z|效率|省略近义功效
sort|noun|排序|W|排序|Z无英语候选
ocean|noun|海洋|Z|海洋|合并大洋
whatever|pron|无论何事|Z|無論何事|代词方向
launch|verb|发射|Z|发射|发射方向
launch|verb|开展|Z|开展|事业启动方向
agriculture|noun|农业|Z|农业|主要义
generate|verb|制造|W|制造|Z无英语候选；W补生成方向，精确词值仅制造
burn|verb|燃烧|Z|燃燒|合并烧
burn|verb|烧录|Z|燒錄|保留计算机方向
decrease|verb|减少|W|减少|沿用20词试裁定；名词证据不足
decrease|verb|降低|Z|降低|沿用20词试裁定
gold|noun|金|Z|金(化學|元素义
gold|noun|金牌|Z|金牌|奖项义
deliver|verb|寄送|Z|寄送|递送方向
deliver|verb|兑现|Z|兌現|承诺履行方向
deliver|verb|接生|Z|接生|生育方向
sector|noun|扇形|W|扇形|Z无英语候选；W仅支持几何义
thank|verb|感谢|Z|感謝|省略近义道谢
household|noun|全家|Z|全家|家庭成员义
complain|verb|抱怨|Z|抱怨|合并发牢骚
cure|verb|治疗|W|治疗|沿用20词试裁定；名词疗法不补
cope|verb|应付|Z|应付|合并对付
sex|noun|性别|Z|性别|身份类别
sex|noun|性交|Z|性交|行为义
routine|noun|例行工作|Z|例行工作|惯常事务
routine|noun|例程|Z|例程|程序义
plane|noun|飞机|Z|飛機|交通工具
plane|noun|平面|Z|平面|几何意义
afternoon|noun|下午|Z|下午|主要义
explanation|noun|解释|Z|解释|合并说明
exhibit|noun|展品|Z|展品|Z有明确名词义
grammar|noun|语法|Z|语法|合并文法
otherwise|adv|否则|Z|否则|条件结果
otherwise|adv|以其他方式|Z|别的方式|方式副词
vary|verb|变化|Z|变化|合并改变
recommend|verb|推荐|Z|推荐|推荐人事物
recommend|verb|建议|Z|建议|建议行动
software|noun|软件|Z|软件|合并软体
salary|noun|薪水|Z|薪水|合并工资
protein|noun|蛋白质|Z|蛋白质|省略重复与非英语段噪声
attribute|noun|属性|Z|属性|名词义
attribute|verb|归因于|Z|归因于|动词义
reduction|noun|减少|Z|减少|沿用20词试裁定
reduction|noun|缩减|Z|縮減|沿用20词试裁定
incentive|noun|诱因|Z|誘因|促发因素
incentive|noun|奖励|Z|獎勵|奖励激励
sister|noun|姐妹|Z|姐妹|合并姐姐妹妹
recruit|verb|招募|AI||Z只有恢复健康等罕见义，常用招募义双源缺原文，待人工确认不展示
hair|noun|头发|Z|頭髮|人的头发
hair|noun|毛|Z|毛|动物毛发
east|noun|东方|Z|东方|方位名词
east|adv|向东|Z|向东|方向副词
reasonable|adj|合理的|Z|合理的|主要义
distinction|noun|差别|Z|差別|合并区别差异
distinction|noun|卓越|Z|卓越|品质方向
rush|verb|冲锋|Z|冲锋|迅速冲向
rush|noun|匆忙|Z|匆忙|急促状态
surround|verb|围绕|Z|圍繞|主要义
rural|adj|农村的|Z|農村的|沿用20词试裁定
accelerate|verb|加速|Z|加速|主要义
broadcast|noun|广播|Z|廣播|节目传播
broadcast|verb|传播|Z|傳播|动作方向
maximum|noun|最大值|Z|最大值|数量上界
maximum|adj|最大的|Z|最大的|形容词方向
discount|noun|折扣|Z|折扣|主要义
terrible|adj|可怕的|W|可怕|Z无英语候选
aggressive|adj|侵略性的|Z|侵略的|沿用20词试裁定
aggressive|adj|有进取心的|Z|有进取心的|沿用20词试裁定
initial|adj|初始的|Z|初始的|形容词时间义
initial|noun|首字母|Z|单词首字母|名词文字义
package|noun|包裹|Z|包裹|名词方向
package|verb|打包|Z|包装|动作方向
opponent|noun|对手|Z|對手|合并敌手
ethnic|adj|种族的|Z|种族的|主要义
metal|noun|金属|Z|金属|主要义
dictation|noun|听写|Z|听写|学习常用义
dictation|noun|口授|Z|口授笔录|口头授意义
distant|adj|遥远的|Z|遥远的|距离方向
distant|adj|疏远的|Z|疏远的|关系方向
feedback|noun|反应|W|反应|Z无英语候选；W词值可核
facilitate|verb|促进|Z|促进|推进进展
facilitate|verb|使便利|Z|使便利|便利行动
edition|noun|版本|Z|版本|合并版次
reinforce|verb|加强|Z|加强|合并增援
overcome|verb|克服|Z|克服|困难方向
overcome|verb|击败|Z|击败|对手方向
intense|adj|剧烈的|Z|剧烈的|主要义
pension|noun|养老金|Z|养老金|退休给付
pension|noun|抚恤金|Z|抚恤金|另一给付
beneficial|adj|有益的|Z|有益的|合并有利
load|verb|装载|Z|装载|装运方向
load|noun|负载|Z|负载|承重或系统负荷
dictionary|noun|字典|Z|字典|合并词典
hate|verb|憎恨|Z|憎恨|动词义
hate|noun|仇恨|Z|仇恨|名词义
passion|noun|激情|Z|激情|情绪强度
passion|noun|爱好|Z|爱好|兴趣方向
biology|noun|生物学|Z|生物学|主要义
map|noun|地图|Z|地图|地理图形
map|noun|映射|Z|映射|技术对应关系
penalty|noun|惩罚|Z|惩罚|处罚义
pioneer|noun|开拓者|Z|開拓者|首倡者近义合并
alike|adj|相似的|W|相似的|Z同类不足以明确词性；W补
menu|noun|菜单|Z|菜单|合并选单
surgery|noun|手术|Z|手術|操作义
surgery|noun|外科学|Z|外科學|学科义
proceed|verb|继续|Z|继续|持续动作
proceed|verb|进行|Z|进行|着手进展
ear|noun|耳朵|Z|耳朵|人体器官
prior|adj|先前的|Z|先的，前的|沿用20词试裁定
prior|adj|更重要的|Z|更重要的|沿用20词试裁定
prior|adv|事先|Z|事先，先|沿用20词试裁定
birthday|noun|生日|Z|生日|主要义
sympathetic|adj|同情的|Z|同情的|情感义
sympathetic|adj|共鸣的|Z|共鸣的|共感义
expertise|noun|专门知识|Z|专门知识|合并专长
mankind|noun|人类|Z|人类|主要义
monetary|adj|货币的|Z|货币的|合并钱与金融方向
holder|noun|持有人|Z|持有人|权利人义
holder|noun|托架|Z|托架|支撑器具义
lifetime|noun|一生|Z|一生|人的寿命
lifetime|noun|寿命|Z|寿命|物体使用年限
shirt|noun|衬衫|W|衬衫|Z汗衫较窄；W补一般义
shuttle|noun|班车|Z|班车|往返交通工具
shuttle|noun|梭子|Z|梭子|织机部件
collective|adj|集体的|Z|集体的|形容词义
collective|noun|集体|Z|集体|名词义
spoil|verb|损坏|Z|损坏|破坏方向
spoil|verb|宠坏|Z|宠坏|溺爱方向
deliberate|adj|审慎的|Z|审慎的|深思熟虑方向
deliberate|adj|蓄意的|Z|蓄意的|有意方向
cast|noun|模具|W|模具|沿用20词试裁定
cast|verb|铸造|Z|鑄造|沿用20词试裁定
organisation|noun|组织|Z|組織|主要义
wash|verb|洗|Z|洗|动词试判
adventure|noun|冒险|Z|冒险|保留风险探索义
youngster|noun|年轻人|Z|年轻人|合并孩子少年
twist|verb|扭转|Z|拧，扭|动作义
twist|verb|曲解|Z|曲解|比喻歪曲义
dose|noun|剂量|Z|剂量|药量义
revolutionary|adj|革命的|Z|革命的|形容词义
extraordinary|adj|非凡的|Z|非凡的|合并非常特别
slight|adj|轻微的|Z|轻微的|主要义
reservation|noun|预约|Z|预约|订位预留
reservation|noun|保留|Z|保留|保留意见或权利
inherent|adj|固有的|Z|固有的|合并生来
foresee|verb|预知|Z|预知|主要义
silly|adj|愚蠢的|Z|愚蠢|形容词语义试判
refrain|verb|克制|Z|抑制；忍住|沿用20词试裁定
refrain|noun|副歌|W|副歌|沿用20词试裁定；W补名词
charter|noun|宪章|Z|宪章|主要义
float|verb|漂浮|Z|漂浮|沿用20词试裁定
float|noun|花车|W|花车|沿用20词试裁定；W补名词
intimate|adj|亲密的|Z|亲密的|合并密切
pen|noun|笔|Z|笔|合并原子笔
stir|verb|搅拌|Z|搅拌|物理动作
stir|verb|激动|Z|激动|情绪影响
digest|noun|摘要|Z|摘要|沿用20词试裁定
digest|verb|消化|W|消化|沿用20词试裁定；W补动词
civilian|noun|平民|Z|平民|主要义
precision|noun|精度|W|精度|Z无英语候选
anybody|pron|任何人|Z|任何人|主要义
seemingly|adv|似乎|Z|似乎|主要义
fraction|noun|分数|W|分數|Z无英语候选
certificate|noun|证书|Z|证书|合并证明书
timely|adj|及时的|AI||Z与时俱进和W当代均不支持常用及时义，待人工确认不展示
altitude|noun|海拔高度|Z|海拔|合并高度与海拔
versus|prep|对阵|Z|對陣|对抗方向
versus|prep|相比|Z|相比|比较方向
castle|noun|城堡|Z|城堡|合并城堡与堡
resolution|noun|决议|Z|決議|会议决定
resolution|noun|决心|Z|決心|意志方向
resolution|noun|分辨率|Z|解析度|技术义
utter|adj|彻底的|Z|彻底的|形容词义
revenge|noun|复仇|Z|复仇|合并报复
dear|adj|亲爱的|Z|親愛的|亲密称呼
dear|adj|昂贵的|W|昂贵|W补价格义
cloudy|adj|多云的|Z|多云|天气义
boycott|verb|抵制|Z|抵制|动词义
boycott|noun|抵制运动|Z|抵制运动|名词义
nest|noun|巢|Z|巢|鸟类居所
nest|verb|筑巢|Z|筑巢|动作义
angle|noun|角度|Z|角度|主要义
cafe|noun|咖啡店|Z|咖啡店|主要义
compliment|noun|赞扬|Z|赞扬|名词义
compliment|verb|称赞|Z|称赞|动词义
envy|noun|嫉妒|Z|妒忌|名词语义试判
harness|noun|马具|Z|马具|主要义
premise|noun|前提|Z|前提|沿用20词试裁定
turnover|noun|周转|Z|週轉|周转义
turnover|noun|收入|W|收入|W补营业额方向
overnight|adv|通宵|Z|通宵|时间副词
overnight|adj|过夜的|Z|过夜的|形容词义
courtesy|noun|礼貌|Z|礼貌|合并殷勤好意
astronaut|noun|宇航员|Z|宇航员|合并太空人
recipe|noun|菜谱|Z|菜谱|烹饪义
recipe|noun|配方|Z|配方|制作配方义
texture|noun|纹理|Z|纹理|表面结构
texture|noun|质地|W|質地|W补触感方向
fiscal|adj|财政的|AI||W原文「检察院」与本词不符；常用义无两源原文，待人工确认不展示
pest|noun|害虫|Z|害虫|有害生物义
pest|noun|讨厌的人|W|讨厌的人|W补比喻人物义
intricate|adj|错综复杂的|Z|错综复杂的|复杂结构义
voyage|noun|航程|Z|航程|航行旅程
beverage|noun|饮料|Z|饮料|主要义
layout|noun|布局|Z|布局|空间安排
mediate|verb|调解|Z|调解|合并斡旋调停
geology|noun|地质学|Z|地质学|主要义
monarch|noun|君主|Z|君主|主要义
multitude|noun|大量|Z|大量|合并大批大群
analogy|noun|类比|Z|類比|合并类推类似
devil|noun|魔鬼|Z|魔鬼|主要义
diplomatic|adj|外交的|Z|外交上的|外交方向
diplomatic|adj|有策略的|Z|有策略的|处事圆融方向
faithful|adj|忠实的|Z|忠实的|合并忠诚
port|noun|港口|Z|港口|沿用20词试裁定
port|noun|端口|Z|端口|沿用20词试裁定
awe|noun|敬畏|Z|敬畏|主要义
bath|noun|浴室|W|浴室|W补场所义
bath|noun|沐浴|Z|沐浴|洗浴行为
attendant|noun|服务员|Z|服务员|人员义
outbreak|noun|爆发|Z|爆发|名词语义试判
portrait|noun|肖像|Z|肖像|合并画像
void|adj|空的|W|空|Z无英语候选；W补形容词
void|verb|取消|W|取消|W补动词
descent|noun|降落|Z|降落|下降方向
descent|noun|血统|Z|血统|出身方向
haul|verb|拖运|Z|拖运|合并拖曳
hell|noun|地狱|Z|地狱|合并阴间
successor|noun|继任者|W|继任者|Z无英语候选
reign|verb|统治|Z|统治|动词语义试判
ample|adj|充分的|Z|充分的|数量充裕
ample|adj|宽敞的|Z|宽敞的|空间充裕
eccentric|adj|古怪的|Z|古怪的|性格义
eccentric|noun|怪人|W|怪人|W补名词
spear|noun|矛|Z|矛|合并枪矛，避免枪的歧义
irony|noun|讽刺|Z|讽刺|合并反语
ambulance|noun|救护车|Z|救護車|主要义
enclose|verb|包围|Z|包围|围住方向
enclose|verb|附寄|Z|附寄|随信附上
isolate|verb|隔离|Z|隔离|分离方向
skeleton|noun|骨骼|Z|骨骼|人体骨架
skeleton|noun|骨架|Z|骨架|结构框架
preside|verb|主持|Z|主持|主要义
rip|verb|撕裂|Z|撕，扯|撕开方向
startle|verb|惊吓|Z|惊吓|主要义
metaphor|noun|隐喻|Z|隱喻|合并比喻
penetrate|verb|穿透|Z|穿透|穿越实体
penetrate|verb|看穿|Z|看穿|洞察方向
resilient|adj|有弹力的|Z|有弹力的|来源仅支持物理义，恢复力缺证据
sensation|noun|感觉|Z|感觉|感官知觉
sensation|noun|轰动|Z|轰动|社会反响
compress|verb|压缩|Z|压缩|动词语义试判
steward|noun|乘务员|Z|乘务员|服务人员
steward|noun|管家|Z|管家|家庭管理人员
bull|noun|公牛|Z|公牛|动物义
expend|verb|花费|Z|花费|合并消费支出
ambassador|noun|大使|Z|大使|主要义
convene|verb|召集|Z|召集|组织聚集
convene|verb|召开|Z|召开|举行会议
locality|noun|产地|Z|产地|来源所在地；一般地点义缺证据
reclaim|verb|开垦|Z|开垦|土地义
reclaim|verb|收回|Z|收回|取回义
rust|noun|锈|Z|鏽|金属氧化物
strap|noun|皮带|Z|皮带|带状物
typist|noun|打字员|Z|打字员|主要义
thrift|noun|节俭|Z|节俭|合并节约
cement|noun|水泥|Z|水泥|主要义
inspect|verb|检查|Z|检查|合并检验调查
stiff|adj|僵硬的|Z|僵直的|物理硬度
stiff|adj|生硬的|Z|生硬的|言语动作不自然
conscientious|adj|认真的|Z|认真的|做事态度
conscientious|adj|有良心的|Z|有良心的|道德方向
crane|noun|鹤|Z|鹤|鸟类
crane|noun|起重机|Z|起重机|机械义
fertiliser|noun|肥料|AI||沿用20词试裁定；双源缺原文，待人工确认不展示
postman|noun|邮差|Z|邮差|主要义
statute|noun|法令|Z|法令|主要义
fuse|noun|保险丝|Z|保险丝|电路元件
fuse|noun|导火线|Z|导火线|引燃装置
shorthand|noun|速记|W|速记|Z无英语候选
clay|noun|黏土|Z|粘土|物质义
leaflet|noun|传单|Z|传单|宣传纸张
leaflet|noun|小叶|Z|小叶|植物义
linear|adj|线性的|Z|线性的|主要义
plural|adj|复数的|Z|复数(的)|形容词义
stoop|verb|弯腰|Z|弯腰|合并俯身
subtract|verb|减去|Z|减去|主要义
flare|noun|突发|Z|突发|突然加剧；火焰义缺清楚原文
sly|adj|狡猾的|Z|狡猾的|主要义
hedge|noun|树篱|Z|树篱|主要义
tan|noun|棕褐色|Z|棕褐色|颜色名词
tan|verb|晒黑|Z|曬黑|皮肤变色
avail|verb|有助|Z|有助|合并有益
belly|noun|肚子|Z|肚子|合并腹部
benevolent|adj|仁慈的|Z|仁慈的|合并仁爱
clasp|noun|扣子|Z|扣子|扣合器物
clasp|verb|夹紧|Z|夾緊|动作义
climax|noun|高潮|Z|高潮|叙事高点
onion|noun|洋葱|Z|洋葱|主要义
cardinal|adj|主要的|Z|主要的|重要程度
cardinal|noun|枢机主教|W|樞機|W补宗教职称，语义试判
contagious|adj|传染的|Z|传染的|主要义
scout|noun|侦察员|Z|侦察员|调查人员
scout|noun|童军|Z|童軍|组织成员
sophomore|noun|大学二年级学生|Z|大学二年级学生|主要义
stipulate|verb|规定|Z|规定|合并订定
thereafter|adv|此后|Z|嗣后|书面语改写
abdomen|noun|腹部|Z|腹部|主要义
agitate|verb|煽动|Z|煽动|社会鼓动
agitate|verb|搅动|Z|搅动|液体动作
dew|noun|露水|Z|露水|主要义
graceful|adj|优雅的|Z|優雅的|合并优美
mutter|noun|嘀咕|Z|嘀咕；嘟哝|沿用20词试裁定
mutter|verb|嘟囔|Z|嘟囔|沿用20词试裁定
mutter|verb|私下抱怨|Z|（私下）抱怨|沿用20词试裁定
napkin|noun|餐巾|Z|餐巾|主要义
swan|noun|天鹅|Z|天鵝|主要义
tub|noun|浴缸|Z|浴缸|合并盆
millimetre|noun|毫米|Z|毫米|计量单位
mobilise|verb|动员|Z|动员|英语段路径待验证
tuesday|noun|星期二|Z|星期二|主要义
zigzag|noun|之字形|Z|之字形|形状义
