word	pageid	oldid	timestamp	last_editor	wikitext_sha256	wikitext_bytes
admit	26146	6588944	2021-11-25T03:42:09Z	Tony85poon	20a34443bd1b86b621a952e59586a1ef9c2dec73dd1270920139f216df0bb674	220
advisable	1253902	6670920	2021-11-29T01:26:16Z	Cewbot	aebc6e00bbe1c340644ce0a6b3efe34147619027db2a9cdcb83d508402758559	262
album	26156	9351590	2025-07-31T05:42:35Z	TongcyBot	a110724fcd8207d52dd46ba4fbb39d4c985491ab8c7a458b0a668cbf5916b485	956
allowance	29917	5938820	2021-03-29T23:35:53Z	TongcyBot	33183dced0469c043b5e255684cb67d0697cd32895ca1cb56bcbcd55ead11abb	297
altitude	38999	8461870	2024-06-04T08:40:00Z	KotoriBot	dd544bd961c820a140528589e3eb1d2474bfff167b37c80e3a569ca8406ed840	3957
arithmetic	25721	8435598	2024-06-02T13:04:49Z	TongcyBot	46f0fdeeca1c384474b7062e0a78ce8bd2efb593c49716c6e83788b946d6073a	441
ascertain	30003	8437143	2024-06-02T13:29:49Z	TongcyBot	cc0e73244fe04dda7020d7dadd60d7a5b7fa2d47534c7e48fb328c90557c969c	341
beauty	133822	8455971	2024-06-03T13:11:06Z	KotoriBot	7279266bc0e2d31e8dbadaeb2dfbc5547df416e4c6a6314b26ac9d93e0e584b7	539
begin	114948	9846059	2026-07-29T11:25:33Z	Renamed user 884fe7926b62f9d3ae6cf3bcc87670a6	affd43ea24a18266f9ad7e19fa16dbd046e5a407a9101f3fdefa927bd17d6e6b	271
bench	27066	8437583	2024-06-02T13:34:56Z	TongcyBot	4800ce487a706543994847093ffa737fbf8f5a6991e24592649a6c13246e3602	348
briefcase	131601	8445289	2024-06-02T15:57:11Z	TongcyBot	59e0708f30c710e4b6eee5797399ccd69364a12123bb495b21b91290a4183830	432
capital	25731	9878315	2026-08-23T09:43:26Z	Popolon	9f67dd96baec4caab78a3e978dc71d75bd249bef65f5b4e9e48f1d1958330063	736
clear	25949	8435743	2024-06-02T13:06:35Z	TongcyBot	daf4218df25dc97ffcf0d54a6ae258e6ecd69d79e2a0398feacfd043007d594a	813
coach	27085	8455499	2024-06-03T12:52:15Z	KotoriBot	142d3dde2bd13f472c50ad92700b293bb2a43a1678dd2779fa7a24419ddc4535	398
compel	30373	5946789	2021-03-30T07:52:18Z	TongcyBot	96c7e4062378aa4d82c002200104ad4152250ceb06ce443ea024b26e7d944808	261
consequence	30433	8439518	2024-06-02T13:57:19Z	TongcyBot	8853699194f9198a59a5ad2354819daeb0d61c96afe3d11aa21562af6b962d2a	382
corrupt	30497	5947580	2021-03-30T08:44:28Z	TongcyBot	03ff9d2aea3744eed3a8d0c92165d6f5325cf9264ae871892847ee13570294b5	216
cross	69466	8439975	2024-06-02T14:02:31Z	TongcyBot	ed60d9df4683df6eef8bb9069d16cf8c8bbba0ee3f35587788d4a3e9fd38fe2c	802
detect	30651	8446163	2024-06-02T16:17:06Z	TongcyBot	ea542f46b48f1060133e94254e3f68ff066c6377baf8a711f2bc9b83a2cec23b	402
dinosaur	76213	9807415	2026-06-08T23:48:48Z	Renamed user 884fe7926b62f9d3ae6cf3bcc87670a6	74c3026cdd326e138939830ce0ba1f8d9d6d47242b0db0816f84846556e26646	267
duplicate	30790	5952215	2021-03-30T13:27:44Z	TongcyBot	f20524beac3755407b6218381ab4ec4c189ef1bdbd54c3fb79b741115da5b50a	697
enough	30926	6548338	2021-11-23T22:52:37Z	Cewbot	c56c38b7a2f051b28df53c86749a1076bd2e6dbb277a42c6bdccaf30c998aad5	1132
excursion	30996	5954113	2021-03-30T15:51:46Z	TongcyBot	3e4b1600a1d036cc4289b9012497540fd16c9865e821713a4d99d381511bea8f	355
exert	31001	8438721	2024-06-02T13:48:13Z	TongcyBot	0ef3394f4f2c1ed79fdfe7c8e659e2e77c81a7db558f44f2a9a8d8f62a6dfaf9	306
exhibition	233036	5954133	2021-03-30T15:53:08Z	TongcyBot	0804a19e8d8928dafbd51920e45f2c825e84ca6722003fa4cd045ca73ba74718	243
explicit	31017	5954207	2021-03-30T15:58:05Z	TongcyBot	93c032794113cc85dc0e18ab3cdd9a1e3e2be8ef2b6fcace7ba557c6cb6444a9	349
fisherman	88794	8438425	2024-06-02T13:44:32Z	TongcyBot	440c2b33efde032936c088620694db6a82873672ed09dc217b9bfc253741b26d	311
fog	10902	9573811	2025-12-01T13:58:55Z	TongcyBot	5d972b989755aafe9e61db8ded0c08a515519b6fd5bfbe76eff9b6f4cc49f3d5	2864
former	14259	8865964	2024-11-05T13:54:01Z	TongcyBot	71000099fa39aa622c4b567fc856753e15d3b19d1ce0623ac2ffb4a7a266ae97	636
fulfil	88989	6621693	2021-11-26T07:32:52Z	Cewbot	50e84f94d611a12eff8f7a3628f08e2a4357c0c980ab1cc8d540632dbcdd35ed	305
glad	12453	9130123	2025-03-01T12:46:04Z	MarcoToa1	8e9f5a6d04550c4c1931cdca675d9f0a9969d174b80272912feea00d942bb9b4	410
go	15247	8459041	2024-06-04T05:42:35Z	KotoriBot	aa922148b76615f424bc538a2df0235d66dad4c9ae057c2ae3352bbee241bee2	861
guarantee	26434	8436173	2024-06-02T13:12:12Z	TongcyBot	9490a0b6d0977834cf5f69467a3a442441f6a0b6f922afd449b6e2b540e1a468	583
handbook	94221	7226118	2022-05-26T23:14:48Z	Apisite	c84ae78ad58dc1c32283b89adf42f0c86f28e87577f90e7b3c27965467b0add2	86
happen	41699	6014440	2021-04-18T03:51:37Z	CrowleyBot	5987b0dbac6ae0e570ab9c22a31c721a1dfbe0b65edfa4b4bf8d8c21a1228514	234
hopeful	96268	8436894	2024-06-02T13:26:56Z	TongcyBot	70daa8f0bfb5d6f47cd904e750ac7fff9628add8075aaea59873bafa406ef8f3	346
include	100430	8458914	2024-06-04T05:30:46Z	KotoriBot	3208001f6b76462ea492e08b5fd36b48a2765dc9bd39db96e42b3598cfb3912a	627
infectious	31533	5587570	2019-09-10T01:44:27Z	A2093064-bot	99037e710edd65214a73e713d396623aee6c98d9334e312f5655be2f15c49657	84
insect	47784	6075512	2021-05-13T13:10:02Z	Crowley666	19bce0e43e967242429e47e0d43e925f7bfa417b091373789ded4adb7b2601aa	302
invisible	96956	9042689	2025-01-03T21:31:36Z	Apisite	1176df19fc2376491b4f8f52ab516e23df004caf35d4b345f8618c1818c802c2	311
kindergarten	31689	8446610	2024-06-02T16:25:40Z	TongcyBot	e75c9181453f22202ab0d2331c6d20c24fca53699f64aae5de2325a3932816df	490
lever	11983	8894573	2024-11-05T14:14:21Z	TongcyBot	bfb300c771f61a55641790ea750c8b93d7b6b472b2f6551cc7c7b288ea60c663	1638
list	28821	5993902	2021-04-03T09:01:36Z	TongcyBot	c65086cd26ea1660beb435b8fde30760c9efc6fac5028ac3cc60de81bbf434b9	788
measure	26514	8459319	2024-06-04T06:09:15Z	KotoriBot	782fa1b026827555680ab2e4417ac6af1e3c26700ddb2373f79060f7b197667b	733
melody	31888	8434723	2024-06-02T12:53:35Z	TongcyBot	10466d41a5cd743e9cfed1f0f11aae2eb6844d4f99418a2b1fabd0750fb79826	258
merchandise	31897	8434809	2024-06-02T12:54:40Z	TongcyBot	f49ef623f58238820714b8a52df188f876a802f1cef17abe3d8a471a130ebe67	520
metropolitan	31910	8434998	2024-06-02T12:57:01Z	TongcyBot	8c5aaec01711d7c898f1bdeccefe3542b0ad3af5b7cd5b4fa733c066f1cec599	239
miracle	31931	8435259	2024-06-02T13:00:17Z	TongcyBot	f3882f9fa6c98b45e0634e8dddf355d6e2cd44ff35da5dfd4f34e2727f2b1bf5	301
missile	26527	8436292	2024-06-02T13:13:41Z	TongcyBot	60b03e61f1fd9c8cf611f228bc13a8e46ed9df144eefb51443ca84e0189acfca	481
need	44503	6558473	2021-11-24T05:51:12Z	Cewbot	c32bfb18f169965faa302edad16772cf0706fe01068f758c3b519a6f9c1c5e67	435
notebook	111077	8439136	2024-06-02T13:52:58Z	TongcyBot	995afce6f87c56980e19486689b0af2409b4e1bbe3dba6ec6f9789e75883ea62	513
offspring	118102	8438861	2024-06-02T13:49:47Z	TongcyBot	8a851d1da935cddcfb3af03e899d9d432cb1233f05bbd2ecff421ba73e00c3cc	486
orange	2653	9727082	2026-04-05T16:15:21Z	TongcyBot	2163603b8881092ba05e0f6144036ec67f145c47897b49d50b100c134a5ee376	7210
orphan	13702	9320955	2025-07-07T06:22:28Z	Apisite	a3328e17db0b0a57e96e9a9803ea6b2cf03e712423bb1f187fac02e9976c5468	983
owl	2677	9717381	2026-03-28T08:19:09Z	TongcyBot	36e73751ba3c67f91e12fa0e312a5a2e2cb1aae95316b4146a1a267c79c0a86d	328
part	48590	8438167	2024-06-02T13:41:36Z	TongcyBot	7b0cf605b18aa763864be9e1662a2296557f684a2fa833a1c7d76c69f177c83b	640
peel	32239	9787035	2026-05-24T10:52:35Z	TongcyBot	ade4598a147d8a2a16648ccea096602831b852ea1f6a8090f0bb16a98707453d	6942
pilgrim	132497	6661972	2021-11-28T13:58:39Z	Cewbot	86ab6c8455329ad70817abe04a3bd67b4b91675c2b6328590091eecd96c6a128	365
pirate	136322	7641810	2023-06-15T15:10:20Z	Olaf	b482552656babcb22857a26a53c3ca081655bae4412d4e09697c12295b6fae21	572
pistol	32320	7734948	2023-06-28T01:47:02Z	TongcyBot	7e5ebaa6f213e9acf8ca2c47a97a1633e6e1e6b2e34e789d6aa22e9e3ed20998	584
pleasure	136373	8456186	2024-06-03T13:20:10Z	KotoriBot	bf14eab1839134aba1a6be5b08d164fe29ae62f68455db03713d2a003cbf0d3f	534
position	26585	8436401	2024-06-02T13:15:01Z	TongcyBot	790d0ebdd2672e12ad75f9af6cff4b208b26ae931bdb4a6c132bd64fa4b4ab97	951
praise	26591	6012101	2021-04-16T17:48:30Z	CrowleyBot	24816eb52089e956c5a0bef16b6c203109e91067870c3b641c4d1327941dd912	254
preposition	60471	6580034	2021-11-24T21:31:15Z	Cewbot	cf1bf24673d1056048a8a2f751b1434a534258180d5ce5ec5eb48766b191448d	649
prisoner	127462	9894309	2026-09-09T07:16:32Z	TongcyBot	dbbdc55bda086ba26e894ba9a6d671f2d3c5e11024f2324d63b61f9dbd79da56	2089
propose	26609	8436421	2024-06-02T13:15:21Z	TongcyBot	9b97c3dd1bb88b91980b568f51fd7062dc494ecf808e26ba45e4f4f391800407	339
ready	129744	5994518	2021-04-03T09:59:53Z	TongcyBot	afa595d391412675427be284f9b1f2ef6b0771b87a71b05db99c886d3449810e	708
receive	41662	5975786	2021-03-31T23:25:03Z	TongcyBot	588ec9b85da3c2b1a74939477a226d3d671e7994aaddc77f376a72b0abd6a7b9	470
recipe	32770	8443899	2024-06-02T14:59:21Z	TongcyBot	0929053fc2aaab6aea6edd675a3be63d6a1cdf8ca159f7d3d50bf26eee733b6a	326
reduction	54011	8459343	2024-06-04T06:10:20Z	KotoriBot	2a603515aae3d8ed7e2b6fb1aebf4f5f64e6ddd0e4885222bc68d2187005ed6a	581
regret	54672	6016578	2021-04-18T04:47:37Z	CrowleyBot	bddccab3c1863ccf326110e2c024bba0f2be3a9aa2c9f4d278c870adf855eaff	257
research	26816	8436572	2024-06-02T13:17:19Z	TongcyBot	93eaef65b17cce7aea0e203c46b245ce13fb3b2313a206d8a2fc000ced8f20c9	372
resistant	32866	5590903	2019-09-11T04:03:46Z	A2093064-bot	b9e81fb410da4c4cd91040b90d16e52b301b890689a05d694ad6b23ffac6319b	131
retain	130790	6660250	2021-11-28T11:38:18Z	Cewbot	b6d8d6521b4c4d457d60e809df509e847cc17a54bf2d8b85adb6603347dd6e9f	495
reveal	32896	5976534	2021-04-01T00:25:44Z	TongcyBot	ce5bcbc19671d048de8d9d327a96a6815759206194b80d47c79e63d8b43df49a	395
rubbish	54541	8440792	2024-06-02T14:22:11Z	TongcyBot	0c160f9fba518510d17ab7e6facecd400c22b1c20210f2b37a0fafa13cd32b1f	592
selfish	33016	5977900	2021-04-01T02:17:00Z	TongcyBot	aa5b62c13e52652da42c84154d6436272ce43348462459aa57bfe3b18cf173e9	200
shock	56386	8441247	2024-06-02T14:27:33Z	TongcyBot	122460bf1c8b1f78f47caa67a2efa331316ab39b6f0a0e9650c5a8b179ef45f1	617
shove	-	-	-	-	-	-
site	33089	6014345	2021-04-18T03:48:56Z	CrowleyBot	a528c53b903b9fefd00541452c53d7ab6ca76e1037196427511faa9e8df920db	727
slap	33096	5978613	2021-04-01T03:04:55Z	TongcyBot	e1e9d3c220a450b904ade5ae4277bf50e554504da6e4da45733a95022ea3baf5	211
social	903390	9735176	2026-04-15T00:42:05Z	Apisite	5dc00aa261b127da8cfc65dc31a3991f4a907e930d91bfee55aa3c11ec07f6d7	216
sometime	1229116	6670827	2021-11-29T01:18:30Z	Cewbot	4a44117e9366e001f423e29458904b33ad447b2ef9e9f577cdd244149e615f6b	352
son	41716	9810919	2026-06-11T14:21:05Z	Renamed user 884fe7926b62f9d3ae6cf3bcc87670a6	c744f663dfebeba88013ea003f93c363d386477a908bf0a91525551c461f5ddd	1663
squeeze	10875	6014138	2021-04-18T03:42:47Z	CrowleyBot	22faef4bae6454c122f53663ef9aefc9449c6f52f0c56ea34a293a62822d6f58	270
steer	33261	5979591	2021-04-01T04:06:41Z	TongcyBot	3b6509be7cba120fea10267a811ef70bdcbe32e1b34f5e3159ba35b19acbea06	262
stipulate	33282	5979702	2021-04-01T04:13:04Z	TongcyBot	32b72821defe1ae56c00ef659fe11115cfb05669dcfbd49a7a18ee7cc3c1f1cd	222
story	42743	7226101	2022-05-26T22:16:06Z	Apisite	c794d9e13c7fe8e369ccbed8938f92a78f2c23742ba2a33d35b791fd0694a263	216
surgeon	26833	9895001	2026-09-09T07:33:57Z	TongcyBot	e665672d8712767daaa90dd38f2abd7673deaf736466737f47ed5b2e12f94a59	2382
suspect	26791	8640811	2024-08-07T16:58:22Z	Sayonzei	11bb689686bde3ab8b0210fbdc77895508065cc7f17dbbf3375be6553a4605ef	6371
tailor	284776	8442108	2024-06-02T14:37:46Z	TongcyBot	29c828a07a76becfbeb8f7e56532e9190b3703f96af56e4455f39eeb74aaadd4	337
tense	26729	8683606	2024-08-27T01:07:21Z	Tony85poon	6ed9cc555547547af121e91cbf4d0b2332ca697aad0642e8923aaa4556f47cec	353
theoretical	33448	5981223	2021-04-01T06:00:22Z	TongcyBot	03149320663e8dfec67ba5898985560d1bafd8ee198cc9078956a2c33b4ea223	320
thousand	12862	8472958	2024-06-13T08:48:17Z	Apisite	bd1e8304aea45b7d4586cd1b7ff1b80d4995c708076a42a7b3793560e20cdf9f	350
turbulent	809224	5044270	2017-04-28T14:56:32Z	OctraBot	3318860575d07bfa318ec823a1d84e900a4b8637291c39da8cd6a8349633d20c	150
twenty	12853	8472946	2024-06-13T08:37:37Z	Apisite	e758563e8f730b4e0a3c6347e07a1c041446bfaf7693df228375f2c2b2b2ae3f	434
variance	58392	8445284	2024-06-02T15:57:06Z	TongcyBot	79d81af626f5ba45056783fa70f4844913c745dead1a93cbeb2464b463b606d5	1159
vivid	33726	5983910	2021-04-01T13:48:03Z	TongcyBot	f4cc54b907ba844c716427d79804285de2547b92c9c39ecf7aef0c72f30fa036	211
warn	26621	8436441	2024-06-02T13:15:37Z	TongcyBot	393d7306b8816bc61bed02662de45e4e9379fcb122fd904d1d648556c4ed8ee8	173
wet	10933	9719169	2026-03-28T09:36:57Z	TongcyBot	c3197c71abbc8d470a70cc4135e64fae484ab01201f28f559c1b8df3105018c5	2213
