word	freq	band	zw_oldid	zw_wikitext_sha256	zw_defs	zw_ipa	wikdict_defs	netem_gloss
after	1528	high	8434132	0e8bc1b3e4af5500437bd710f252f4638e9fa30c54f24e6325c6177fb6d3490a	1	ˈæf.tə(ɹ)	1	在…之后
while	1003	high	8445405	d6fa02c163dc1fe12cf13cb1adf9e5a5e70f066496e4aeec21806c3df21109ed	2	waɪl	1	当…时、而、尽管
take	2496	high	9846058	5b689583e2f2aafb6b0a3bc183c1664a4976541250d5ce9235ca67f1adc753f5	2	teɪk	1	拿走、携带
very	1167	high	8445317	17932bc0eb9cb73456e415cceb9dbeeaca4ae75583cd780aa536a7cab9797650	17	ˈvɛɹi	2	非常
year	2791	high	9573804	328b358c8668a0d59e26d1add71af41d1710f66dab8541f53906a7dbaae98ce0	1	jɪə	1	年
even	1465	high	8455569	6f2fb6149be6c9eaa6ae7c155bf16eaec14ee798bc3007fcc7507098024c42ae	4	ˈiːvən	1	甚至
their	7050	high	8447660	3429d934b2bb9503b9be9d53b78cbcb8a3758002f95ae7a76e76fb7e6234cb47	6	ðɛə(ɹ)	2	他们的
there	4126	high	8458020	ab16525b290bcb8c0184e44fc10d20e89ee6146834c27f96cfd087bfd8c6c152	3	ðɛə(ɹ)	2	那里
because	1932	high	8458180	1581fb3eea0d09035a30cdd67a360dcef2286e389d01269196425eaf2eaf8d79	1	bɪˈkɒz	2	因为
our	2178	high	8463059	065a94a7dbb1b5c6df6d480e829ac20825255387f6fb9ac70f610a582b999861	3	-	1	我们的
job	1606	high	9715163	fbb22457ab71a690c0f2a2ac1ea73aaf3f0afcb9c12ccbdabdecad726ddb1224	12	d͡ʒɒb	1	工作
need	1667	high	6558473	c32bfb18f169965faa302edad16772cf0706fe01068f758c3b519a6f9c1c5e67	1	niːd	1	需要
what	4554	high	8463469	4e4e224882f6080bc99135eccc8e7ee41df0e79dab2c6aee81efb58235d61cb0	13	wɔt	2	什么
paragraph	1031	high	8435737	909be7f7c44e9aaf94975ee1443d815b99492ac9b3d13838dacac6a54f859aec	0	ˈpɛɹəɡɹæf	1	段落
study	1669	high	6667057	bb2abcf7322ecc7398b735a634eb50d2273fddc479f792a7e6d65a21461f6d6f	1	ˈstʌdi	3	学习
many	2493	high	8457077	774dbb52d416f79558f63e9a35f6a7fa6b67f518bcb005e5f37d0dc72f636869	1	ˈmɛni	1	很多
minute	1538	high	5967382	957482b16b5c456a4c117dfa7f63b4056ddd7d4149fa08ce614dd97bf8d7039c	0	ˈmɪnɪt	4	分钟、微小的
such	1424	high	6671063	4c7fefa5bdce0a6f756341f5605c82c5daac5152f007c49bfa89023b017278a6	0	sʌt͡ʃ	2	这样的
human	1245	high	8462852	1d2e791e1011f0fc874f4896dc987efffb27e791305b442d342cd265ea66911e	1	ˈ(h)juː.mən	1	人
information	1146	high	9807398	4580678eed7715c20c5fadf457d869e7376602427951f2f8666d90c97bcee00c	15	ˌɪnfəˈmeɪʃən	1	信息
face	567	mid	9090507	86ae3f64666e2b6ed345fda06d377ac6cd5d187bbf2882781a1c0627afad7984	1	feɪs	3	面对
hour	728	mid	9807328	3ff24a2a6255086cd395fcaf4735a6797cf872057f1c4420a1384e7bed12b423	1	ˈaʊə(ɹ)	1	小时
art	491	mid	9810944	7b92dac4c3b8fc0901460603e0ed314292ddf83d525e2e1d0e16d8c9b73454e7	1	-	4	艺术
check	388	mid	6564638	819bb7d81f79b71ce52090305e9e7d06e698ab0e00fce9a6b57c7fefa3c11825	3	t͡ʃɛk	5	检查
within	379	mid	8455898	5d4b35314827c63df05711f4a105f3efcf76bcf3121046ded825ba9794f630ea	13	wɪðˈɪn	2	内部
opinion	297	mid	9573872	2c296db83999245cb2b058eda75db15ffd3614c3416bc76fdfafb97c298aa7cd	4	-	1	意见
search	245	mid	8441041	f69231f11626d37543b8ae5f59fba30e60483d28d94dcc25859d01ad7a1f09cf	0	sɜːt͡ʃ	1	搜索
management	259	mid	8433986	576e9ffd2133b624aa4ba8758298efd3f650f2fb5a26e05ff031e4f9d3727c5d	8	ˈmænɪdʒmənt	2	经营、管理
capacity	147	mid	5944716	b89f0e6b342da690a74e8a3e1ffa4bf5e7b6c6f155e908794ee4c05918dc8eef	0	kəˈpæsɪti	1	容量、能力、生产力
hardly	162	mid	8437299	306b8d513bb2e945ecddd091141662e3bf42744e97872f5bf817f1b6ec8ccb69	7	ˈhɑːdli	2	几乎不、仅仅
safety	173	mid	5977305	f4c4e1f07ce2570182cb081e08bfb9d37251c308f5f7e6964ad1400804a1fd7b	0	ˈseɪfti	1	安全
fill	400	mid	6557378	3af0974aeb86c484fb2745641ab436582363802bb7d1687b77b23ce4c843b20f	1	fɪl	1	填
south	169	mid	9532552	1fad546f6f542bd2e690d532203f50dd871ee512f82fe797cb8342a614129d9f	1	saʊθ	1	南、南方的
young	793	mid	8444285	4ad09a464c1fee7d07173144637072c7d3af392dcdf5a298c28b09d33b7cfaa8	1	jʌŋ	2	年轻的
slow	208	mid	8455805	0ceb2b874ead96056dffe4417458fb2ad1b74fd04e4ad54a75f4e9ad1363383b	1	sləʊ	1	慢的
road	254	mid	8433553	6e814861096aa37760f9c6f3657a769a1333f7a1524b6004710d78090ced91bb	6	ɹəʊd	1	路
rest	215	mid	8897797	3034dba3f619058357d32933cf952b9102b7fe3d284fccab3a80b1b5e6b2d0ce	15	ɹɛst	4	休息
real	426	mid	6558821	316dbe65a2ec1a7b943b00ba4d58ec836143eca788f3e6becaf2b8843d996c13	1	ˈɹiːəl	4	真的
repair	121	mid	8456208	01349356eb8a509fbe1480162ddf74536a062adcc35ad16204fe1748304f3621	11	ɹɪˈpɛə	1	修理、补救
imply	135	mid	8446387	cd8679feab2a07f67402f69c8cd8ffbbe553170ae63f772dcf3cc6afbe12c60a	9	ɪmˈplaɪ	1	暗示
beauty	75	low	8455971	7279266bc0e2d31e8dbadaeb2dfbc5547df416e4c6a6314b26ac9d93e0e584b7	10	ˈbjuːti	1	美丽、美人
extravagant	14	low	5954297	99fba74e76346a0a2b0304321a2245bbf2e94d1a9a3088e34f2910ee5a888aef	0	ɪkˈstɹævəɡənt	1	奢侈的
scramble	3	low	5977687	5e5854adbc5142db65e6bb4534bfe84dc96182fcaa3c0e26d0b012370038c2b0	0	ˈskɹæmbl̩	2	争夺
sneeze	4	low	5978762	f38962eae1ccd1d0c546e7c7b0dc3a733dd0ca7836a9b68f661c639705f51d63	0	sniːz	1	喷嚏
denounce	2	low	6009240	c85549fd0e61eb055ba9cc13d6c0c02cf003dc093f33cc55dbb068f08fa96088	0	diˈnaʊns	1	谴责
medieval	12	low	8434632	9d1fd23ce4720bbac08ab15e2f17e2ea1098d5e2255e162d81a8e2605b8ebc24	4	ˌmɛd.i.ˈiː.vəl	1	中世纪的
federation	19	low	6619165	640e8318e1d59b1d4e5b339f6ec6c2c143c1606d100857cf3a2217210e8bf9f9	5	ˌfɛdəˈɹeɪʃn̩	1	联合、联邦
thought	96	low	8455838	496e467b00076b5480102618cd74fbb29dd2a8a3a0df008bebae66d4278f25e5	2	θɔːt	1	思想、想法
spelling	39	low	8444767	faccb0e5181251373e99d0878f8d8348bad43269b7bee003f876c347c7d62252	0	ˈspɛlɪŋ	1	拼写
invention	98	low	9276576	54e6aabcdcaf68693b8e550b2b0b1f675fffa41065aa9a42d5a4c0d850fc9207	1	ɪnˈvɛnʃən	1	发明
arise	92	low	6668440	686202f782eacc61cb3e469dd241da71c953c7e979c1c1b8d9877051819e0cce	0	əˈɹaɪz	2	形成、上升
vocal	18	low	8445348	eaab4b8bab3db91f5d2d9051178538839b5c736a37062a1c5ffe6020c36a341e	0	ˈvəʊ.kəl	1	声音的、声乐作品
imagination	76	low	8313773	574cd3fa7d5129be5fbe98d9c63dba10cbc3f353a943b9782bbeccf80168f46e	0	ɪˌmædʒəˈneɪʃən	1	想象
negligible	9	low	5969273	d4bf72f56ac77a68fba4e1f3f274eb3e769a7cd0e0902eb6f763f5848c21af0a	0	ˈnɛɡlɪdʒɪbəl	1	微不足道的
soldier	56	low	8441484	02ce6fbb68cb0745f8b76de862407d70f27b7a78bbd88a90468d3240a4a75e9e	2	ˈsəʊld͡ʒə	2	士兵
criticise	8	low	5585186	45e021d8e53dce0a8af8e3ac3127bb49a5cd3ec0ed83c79f17127a44edb67931	0	-	0	批评
directory	7	low	8446268	3cbef0c00b1af27d22607488b5c4536d6b4259229b0702954793a94498c8f2cd	0	dɪˈɹɛktəɹi	1	目录
suspect	69	low	8640811	11bb689686bde3ab8b0210fbdc77895508065cc7f17dbbf3375be6553a4605ef	8	ˈsʌs.pɛkt	1	怀疑
drastic	26	low	8456984	ad953206a70c0f7bc7df3e657167fd75d7a30354abc97babf0deecafe244ddec	0	ˈdɹɑːs.tɪk	0	激烈的
ascend	7	low	6014492	633df80c86022c5b4177b149ada0c5312593761e603fe16939b4712e764b219f	1	əˈsɛnd	0	上升
