word|status|pos|text|needle|reason
the|confirm|det|该|该|保留固定中文原文中的常见义；其他片段为重复、次要或噪声
be|confirm|verb|是|是|Reviewed common sense; omitted duplicate, narrow, or noisy glosses
be|confirm|verb|在|在|Reviewed common sense; omitted duplicate, narrow, or noisy glosses
to|confirm|prep|到|到|保留固定中文原文中的常见义；其他片段为重复、次要或噪声
of|confirm|prep|的|的|Reviewed common sense; omitted duplicate, narrow, or noisy glosses
and|confirm|conj|和|和|Reviewed common sense; omitted duplicate, narrow, or noisy glosses
in|confirm|prep|在|在|保留固定中文原文中的常见义；其他片段为重复、次要或噪声
have|confirm|verb|有|有|保留固定中文原文中的常见义；其他片段为重复、次要或噪声
that|confirm|det|那|那|保留固定中文原文中的常见义；其他片段为重复、次要或噪声
it|confirm|pron|它|它|Reviewed common sense; omitted duplicate, narrow, or noisy glosses
for|confirm|conj|因为|因为|Reviewed common sense; omitted duplicate, narrow, or noisy glosses
on|confirm|prep|上|上|Reviewed common sense; omitted duplicate, narrow, or noisy glosses
they|confirm|pron|他们|他们|保留固定中文原文中的常见义；其他片段为重复、次要或噪声
you|confirm|pron|你|你|Reviewed common sense; omitted duplicate, narrow, or noisy glosses
with|confirm|prep|跟|跟|保留固定中文原文中的常见义；其他片段为重复、次要或噪声
as|confirm|conj|因为|因为|Reviewed common sense; omitted duplicate, narrow, or noisy glosses
as|confirm|conj|当|当|Reviewed common sense; omitted duplicate, narrow, or noisy glosses
their|confirm|det|他们的|他们的|保留固定中文原文中的常见义；其他片段为重复、次要或噪声
not|confirm|adv|不|不|Reviewed common sense; omitted duplicate, narrow, or noisy glosses
he|confirm|pron|他|他|Reviewed common sense; omitted duplicate, narrow, or noisy glosses
from|confirm|prep|來自|來自|保留固定中文原文中的常见义；其他片段为重复、次要或噪声
at|confirm|prep|在|在|Reviewed common sense; omitted duplicate, narrow, or noisy glosses
will|confirm|noun|意志|意志|保留固定中文原文中的常见义；其他片段为重复、次要或噪声
more|confirm|adv|更多|更多|Reviewed common sense; omitted duplicate, narrow, or noisy glosses
do|confirm|verb|做|做|保留固定中文原文中的常见义；其他片段为重复、次要或噪声
we|confirm|pron|我们|我们|保留固定中文原文中的常见义；其他片段为重复、次要或噪声
this|confirm|det|这|这|Reviewed common sense; omitted duplicate, narrow, or noisy glosses
or|confirm|conj|或者|或者|保留固定中文原文中的常见义；其他片段为重复、次要或噪声
can|confirm|verb|会|会|Reviewed common sense; omitted duplicate, narrow, or noisy glosses
one|confirm|num|一|一|Reviewed common sense; omitted duplicate, narrow, or noisy glosses
but|confirm|conj|但是|但是|保留固定中文原文中的常见义；其他片段为重复、次要或噪声
question|confirm|noun|问题|问题|保留固定中文原文中的常见义；其他片段为重复、次要或噪声
what|confirm|pron|什么|什么|Reviewed common sense; omitted duplicate, narrow, or noisy glosses
there|confirm|adv|那里|那里|保留固定中文原文中的常见义；其他片段为重复、次要或噪声
well|confirm|noun|井|井|保留固定中文原文中的常见义；其他片段为重复、次要或噪声
about|confirm|adv|差不多|差不多|Reviewed common sense; omitted duplicate, narrow, or noisy glosses
answer|confirm|noun|回答|回答|保留固定中文原文中的常见义；其他片段为重复、次要或噪声
make|confirm|verb|做|做|Reviewed common sense; omitted duplicate, narrow, or noisy glosses
make|confirm|verb|使|使|Reviewed common sense; omitted duplicate, narrow, or noisy glosses
than|confirm|prep|比|比|保留固定中文原文中的常见义；其他片段为重复、次要或噪声
his|confirm|det|他的|他的|Reviewed common sense; omitted duplicate, narrow, or noisy glosses
time|confirm|noun|时间|时间|保留固定中文原文中的常见义；其他片段为重复、次要或噪声
say|confirm|verb|说|说|保留固定中文原文中的常见义；其他片段为重复、次要或噪声
which|confirm|pron|哪|哪|Reviewed common sense; omitted duplicate, narrow, or noisy glosses
when|confirm|adv|什么时候|什么时候|Reviewed common sense; omitted duplicate, narrow, or noisy glosses
should|confirm|verb|该|该|Reviewed common sense; omitted duplicate, narrow, or noisy glosses
part|confirm|noun|部分|部分|保留固定中文原文中的常见义；其他片段为重复、次要或噪声
your|confirm|det|你的|你的|Reviewed common sense; omitted duplicate, narrow, or noisy glosses
use|confirm|verb|用|用|保留固定中文原文中的常见义；其他片段为重复、次要或噪声
all|confirm|adv|都|都|Reviewed common sense; omitted duplicate, narrow, or noisy glosses
follow|confirm|verb|随|隨|Reviewed common sense; omitted duplicate, narrow, or noisy glosses
she|confirm|pron|她|她|保留固定中文原文中的常见义；其他片段为重复、次要或噪声
each|confirm|det|每|每|保留固定中文原文中的常见义；其他片段为重复、次要或噪声
some|confirm|det|一些|一些|Reviewed common sense; omitted duplicate, narrow, or noisy glosses
other|confirm|adj|别的|別的|Reviewed common sense; omitted duplicate, narrow, or noisy glosses
other|confirm|pron|他人|他人|Reviewed common sense; omitted duplicate, narrow, or noisy glosses
if|confirm|conj|如果|如果|保留固定中文原文中的常见义；其他片段为重复、次要或噪声
year|confirm|noun|年|年|保留固定中文原文中的常见义；其他片段为重复、次要或噪声
write|confirm|verb|写|写|保留固定中文原文中的常见义；其他片段为重复、次要或噪声
new|confirm|adj|新|新|保留固定中文原文中的常见义；其他片段为重复、次要或噪声
section|candidate|noun|冠词|冠词|Fixed Chinese original does not securely support a common sense at this POS; held from display
its|confirm|det|它的|它的|Reviewed common sense; omitted duplicate, narrow, or noisy glosses
word|confirm|noun|单词|单词|Reviewed common sense; omitted duplicate, narrow, or noisy glosses
mark|confirm|noun|分数|分数|Reviewed common sense; omitted duplicate, narrow, or noisy glosses
may|confirm|verb|可以|可以|Reviewed common sense; omitted duplicate, narrow, or noisy glosses
many|confirm|det|很多|很多|Reviewed common sense; omitted duplicate, narrow, or noisy glosses
most|confirm|adv|最|最|Reviewed common sense; omitted duplicate, narrow, or noisy glosses
most|confirm|det|多数|多数|Reviewed common sense; omitted duplicate, narrow, or noisy glosses
read|confirm|verb|读|读|保留固定中文原文中的常见义；其他片段为重复、次要或噪声
up|candidate|adj|和|和|Fixed Chinese original does not securely support a common sense at this POS; held from display
her|confirm|det|她的|她的|Reviewed common sense; omitted duplicate, narrow, or noisy glosses
her|confirm|pron|她|她|Reviewed common sense; omitted duplicate, narrow, or noisy glosses
only|confirm|adv|只有|只有|保留固定中文原文中的常见义；其他片段为重复、次要或噪声
would|candidate|verb|是|是|Fixed Chinese original does not securely support a common sense at this POS; held from display
go|confirm|verb|去|去|Reviewed common sense; omitted duplicate, narrow, or noisy glosses
hear|confirm|verb|听|听|保留固定中文原文中的常见义；其他片段为重复、次要或噪声
give|confirm|verb|给|给|保留固定中文原文中的常见义；其他片段为重复、次要或噪声
base|confirm|noun|基地|基地|保留固定中文原文中的常见义；其他片段为重复、次要或噪声
no|candidate|noun|不|不|多词性或多词条原文待逐义复核；暂留候选
so|confirm|conj|所以|所以|Reviewed common sense; omitted duplicate, narrow, or noisy glosses
get|confirm|verb|得|得|Reviewed common sense; omitted duplicate, narrow, or noisy glosses
get|confirm|verb|了解|了解|Reviewed common sense; omitted duplicate, narrow, or noisy glosses
two|confirm|num|二|二|Reviewed common sense; omitted duplicate, narrow, or noisy glosses
student|confirm|noun|学生|学生|保留固定中文原文中的常见义；其他片段为重复、次要或噪声
our|confirm|det|我們的|我們的|保留固定中文原文中的常见义；其他片段为重复、次要或噪声
out|confirm|adv|外面|外面|Reviewed common sense; omitted duplicate, narrow, or noisy glosses
just|confirm|adv|刚刚|刚刚|Reviewed common sense; omitted duplicate, narrow, or noisy glosses
just|confirm|adv|仅有|仅有|Reviewed common sense; omitted duplicate, narrow, or noisy glosses
child|confirm|noun|孩子|孩子|保留固定中文原文中的常见义；其他片段为重复、次要或噪声
how|confirm|adv|如何|如何|保留固定中文原文中的常见义；其他片段为重复、次要或噪声
find|confirm|verb|找到|找到|保留固定中文原文中的常见义；其他片段为重复、次要或噪声
way|confirm|noun|道|道|保留固定中文原文中的常见义；其他片段为重复、次要或噪声
into|confirm|prep|进|进|Reviewed common sense; omitted duplicate, narrow, or noisy glosses
because|confirm|conj|因为|因为|保留固定中文原文中的常见义；其他片段为重复、次要或噪声
sheet|confirm|noun|书的一页|書的一頁|Reviewed common sense; omitted duplicate, narrow, or noisy glosses
man|confirm|noun|男人|男人|Reviewed common sense; omitted duplicate, narrow, or noisy glosses
like|confirm|verb|喜欢|喜欢|Reviewed common sense; omitted duplicate, narrow, or noisy glosses
like|confirm|prep|像|像|Reviewed common sense; omitted duplicate, narrow, or noisy glosses
through|confirm|prep|经过|经过|保留固定中文原文中的常见义；其他片段为重复、次要或噪声
school|confirm|noun|学校|学校|保留固定中文原文中的常见义；其他片段为重复、次要或噪声
think|confirm|verb|想|想|保留固定中文原文中的常见义；其他片段为重复、次要或噪声
world|confirm|noun|世界|世界|保留固定中文原文中的常见义；其他片段为重复、次要或噪声
choice|confirm|noun|选择|選擇|Reviewed common sense; omitted duplicate, narrow, or noisy glosses
change|confirm|noun|改变|改变|保留固定中文原文中的常见义；其他片段为重复、次要或噪声
direction|confirm|noun|方向|方向|保留固定中文原文中的常见义；其他片段为重复、次要或噪声
much|confirm|adv|很多|很多|Reviewed common sense; omitted duplicate, narrow, or noisy glosses
life|confirm|noun|生活|生活|Reviewed common sense; omitted duplicate, narrow, or noisy glosses
life|confirm|noun|生命|生命|Reviewed common sense; omitted duplicate, narrow, or noisy glosses
long|confirm|adj|长|长|保留固定中文原文中的常见义；其他片段为重复、次要或噪声
study|confirm|verb|学习|学习|保留固定中文原文中的常见义；其他片段为重复、次要或噪声
need|confirm|verb|需要|需要|保留固定中文原文中的常见义；其他片段为重复、次要或噪声
first|confirm|adj|第一|第一|Reviewed common sense; omitted duplicate, narrow, or noisy glosses
help|confirm|verb|帮助|帮助|Reviewed common sense; omitted duplicate, narrow, or noisy glosses
four|confirm|num|四|四|Reviewed common sense; omitted duplicate, narrow, or noisy glosses
job|confirm|noun|工作|工作|Reviewed common sense; omitted duplicate, narrow, or noisy glosses
learn|confirm|verb|学|学|保留固定中文原文中的常见义；其他片段为重复、次要或噪声
high|confirm|adj|高|高|保留固定中文原文中的常见义；其他片段为重复、次要或噪声
good|confirm|adj|好|好|Reviewed common sense; omitted duplicate, narrow, or noisy glosses
over|confirm|prep|经过|经过|Reviewed common sense; omitted duplicate, narrow, or noisy glosses
then|confirm|adv|当时|当时|保留固定中文原文中的常见义；其他片段为重复、次要或噪声
minute|confirm|noun|分钟|分钟|Reviewed common sense; omitted duplicate, narrow, or noisy glosses
after|confirm|prep|后|后|Reviewed common sense; omitted duplicate, narrow, or noisy glosses
live|confirm|verb|住|住|保留固定中文原文中的常见义；其他片段为重复、次要或噪声
line|confirm|noun|直线|直线|保留固定中文原文中的常见义；其他片段为重复、次要或噪声
these|confirm|pron|这些|這些|Reviewed common sense; omitted duplicate, narrow, or noisy glosses
become|confirm|verb|变成|变成|Reviewed common sense; omitted duplicate, narrow, or noisy glosses
author|confirm|noun|作者|作者|保留固定中文原文中的常见义；其他片段为重复、次要或噪声
could|no_source||||固定两来源无可绑定的中文原文；不展示
even|confirm|adj|平|平|保留固定中文原文中的常见义；其他片段为重复、次要或噪声
also|confirm|adv|也|也|保留固定中文原文中的常见义；其他片段为重复、次要或噪声
such|confirm|det|那样|那样|Reviewed common sense; omitted duplicate, narrow, or noisy glosses
mean|confirm|verb|表示|表示|Reviewed common sense; omitted duplicate, narrow, or noisy glosses
mean|candidate|noun|意思|意思|该片段位于动词原文条；名词义未能独立证实，暂不展示
letter|confirm|noun|信|信|Reviewed common sense; omitted duplicate, narrow, or noisy glosses
letter|confirm|noun|字母|字母|Reviewed common sense; omitted duplicate, narrow, or noisy glosses
see|confirm|verb|看|看|保留固定中文原文中的常见义；其他片段为重复、次要或噪声
three|confirm|num|三|三|Reviewed common sense; omitted duplicate, narrow, or noisy glosses
those|candidate|det|他们|他们|Fixed Chinese original does not securely support a common sense at this POS; held from display
end|confirm|noun|最后|最后|Reviewed common sense; omitted duplicate, narrow, or noisy glosses
end|confirm|verb|完成|完成|Reviewed common sense; omitted duplicate, narrow, or noisy glosses
once|candidate|adv|一趟|一趟|Fixed Chinese original does not securely support a common sense at this POS; held from display
company|confirm|noun|公司|公司|保留固定中文原文中的常见义；其他片段为重复、次要或噪声
conversation|confirm|noun|会话|会话|保留固定中文原文中的常见义；其他片段为重复、次要或噪声
problem|confirm|noun|难题|难题|保留固定中文原文中的常见义；其他片段为重复、次要或噪声
university|confirm|noun|大学|大学|Reviewed common sense; omitted duplicate, narrow, or noisy glosses
human|confirm|noun|人|人|保留固定中文原文中的常见义；其他片段为重复、次要或噪声
state|confirm|noun|状态|狀態|Reviewed common sense; omitted duplicate, narrow, or noisy glosses
state|confirm|noun|国家|國家|Reviewed common sense; omitted duplicate, narrow, or noisy glosses
state|confirm|verb|声称|聲稱|Reviewed common sense; omitted duplicate, narrow, or noisy glosses
want|confirm|verb|想要|想要|保留固定中文原文中的常见义；其他片段为重复、次要或噪声
must|candidate|noun|很可能|很可能|Fixed Chinese original does not securely support a common sense at this POS; held from display
food|confirm|noun|食物|食物|保留固定中文原文中的常见义；其他片段为重复、次要或噪声
country|confirm|noun|国家|国家|保留固定中文原文中的常见义；其他片段为重复、次要或噪声
choose|confirm|verb|選擇|選擇|保留固定中文原文中的常见义；其他片段为重复、次要或噪声
any|candidate|adv|还|还|Fixed Chinese original does not securely support a common sense at this POS; held from display
my|confirm|det|我的|我的|保留固定中文原文中的常见义；其他片段为重复、次要或噪声
day|confirm|noun|天|天|保留固定中文原文中的常见义；其他片段为重复、次要或噪声
less|candidate|adv|减|减|Fixed Chinese original does not securely support a common sense at this POS; held from display
accord|confirm|verb|符合|符合|Reviewed common sense; omitted duplicate, narrow, or noisy glosses
show|candidate|verb|展|展|原文的“展”更像展览名词；动词义不足以核实，暂不展示
show|confirm|noun|表演|表演|Reviewed common sense; omitted duplicate, narrow, or noisy glosses
both|confirm|det|两|两|保留固定中文原文中的常见义；其他片段为重复、次要或噪声
social|confirm|adj|社会的|社會的|Reviewed common sense; omitted duplicate, narrow, or noisy glosses
very|confirm|adv|很|很|保留固定中文原文中的常见义；其他片段为重复、次要或噪声
great|candidate|adj|有名|有名|多词性或多词条原文待逐义复核；暂留候选
thing|confirm|noun|东西|东西|保留固定中文原文中的常见义；其他片段为重复、次要或噪声
information|confirm|noun|信息|信息|保留固定中文原文中的常见义；其他片段为重复、次要或噪声
look|confirm|verb|看|看|保留固定中文原文中的常见义；其他片段为重复、次要或噪声
too|confirm|adv|太|太|保留固定中文原文中的常见义；其他片段为重复、次要或噪声
between|confirm|prep|中|中|保留固定中文原文中的常见义；其他片段为重复、次要或噪声
research|confirm|noun|研究|研究|保留固定中文原文中的常见义；其他片段为重复、次要或噪声
before|confirm|prep|以前|以前|Reviewed common sense; omitted duplicate, narrow, or noisy glosses
number|confirm|noun|数|数|保留固定中文原文中的常见义；其他片段为重复、次要或噪声
single|confirm|adj|单|单|Reviewed common sense; omitted duplicate, narrow, or noisy glosses
own|confirm|adj|自己的|自己的|保留固定中文原文中的常见义；其他片段为重复、次要或噪声
feel|confirm|verb|感到|感到|Reviewed common sense; omitted duplicate, narrow, or noisy glosses
family|confirm|noun|家庭|家庭|保留固定中文原文中的常见义；其他片段为重复、次要或噪声
often|confirm|adv|常常|常常|保留固定中文原文中的常见义；其他片段为重复、次要或噪声
old|confirm|adj|老|老|保留固定中文原文中的常见义；其他片段为重复、次要或噪声
parent|confirm|noun|父母|父母|Reviewed common sense; omitted duplicate, narrow, or noisy glosses
increase|confirm|verb|增加|增加|Reviewed common sense; omitted duplicate, narrow, or noisy glosses
increase|confirm|noun|增长|增长|Reviewed common sense; omitted duplicate, narrow, or noisy glosses
paragraph|confirm|noun|段|段|保留固定中文原文中的常见义；其他片段为重复、次要或噪声
provide|candidate|verb|送|送|Fixed Chinese original does not securely support a common sense at this POS; held from display
few|confirm|det|少|少|Reviewed common sense; omitted duplicate, narrow, or noisy glosses
home|confirm|noun|家|家|保留固定中文原文中的常见义；其他片段为重复、次要或噪声
while|confirm|conj|当|當|Reviewed common sense; omitted duplicate, narrow, or noisy glosses
different|confirm|adj|不一樣的|不一樣的|保留固定中文原文中的常见义；其他片段为重复、次要或噪声
point|confirm|noun|点|点|Reviewed common sense; omitted duplicate, narrow, or noisy glosses
point|confirm|verb|表示|表示|Reviewed common sense; omitted duplicate, narrow, or noisy glosses
last|confirm|adj|最后|最后|保留固定中文原文中的常见义；其他片段为重复、次要或噪声
text|confirm|noun|課文|課文|保留固定中文原文中的常见义；其他片段为重复、次要或噪声
correspond|confirm|verb|對應|對應|保留固定中文原文中的常见义；其他片段为重复、次要或噪声
place|confirm|noun|地方|地方|Reviewed common sense; omitted duplicate, narrow, or noisy glosses
place|confirm|verb|放|放|Reviewed common sense; omitted duplicate, narrow, or noisy glosses
pay|confirm|verb|买单|买单|保留固定中文原文中的常见义；其他片段为重复、次要或噪声
language|confirm|noun|语言|语言|Reviewed common sense; omitted duplicate, narrow, or noisy glosses
still|confirm|adv|還|還|保留固定中文原文中的常见义；其他片段为重复、次要或噪声
keep|confirm|verb|保持|保持|Reviewed common sense; omitted duplicate, narrow, or noisy glosses
where|confirm|adv|哪里|哪里|Reviewed common sense; omitted duplicate, narrow, or noisy glosses
book|confirm|noun|书|书|Reviewed common sense; omitted duplicate, narrow, or noisy glosses
government|confirm|noun|政府|政府|保留固定中文原文中的常见义；其他片段为重复、次要或噪声
college|confirm|noun|大学|大学|保留固定中文原文中的常见义；其他片段为重复、次要或噪声
second|confirm|adj|第二|第二|保留固定中文原文中的常见义；其他片段为重复、次要或噪声
listen|confirm|verb|听|听|保留固定中文原文中的常见义；其他片段为重复、次要或噪声
why|candidate|adv|什么|什么|Fixed Chinese original does not securely support a common sense at this POS; held from display
system|confirm|noun|系统|系統|Reviewed common sense; omitted duplicate, narrow, or noisy glosses
put|confirm|verb|投入|投入|Reviewed common sense; omitted duplicate, narrow, or noisy glosses
might|candidate|noun|力|力|多词性或多词条原文待逐义复核；暂留候选
result|confirm|noun|结果|结果|保留固定中文原文中的常见义；其他片段为重复、次要或噪声
try|confirm|verb|试|试|Reviewed common sense; omitted duplicate, narrow, or noisy glosses
money|confirm|noun|钱|钱|保留固定中文原文中的常见义；其他片段为重复、次要或噪声
ask|confirm|verb|问|问|保留固定中文原文中的常见义；其他片段为重复、次要或噪声
seem|confirm|verb|好像|好像|保留固定中文原文中的常见义；其他片段为重复、次要或噪声
speak|confirm|verb|说|说|保留固定中文原文中的常见义；其他片段为重复、次要或噪声
news|candidate|noun|话|话|Fixed Chinese original does not securely support a common sense at this POS; held from display
example|confirm|noun|例子|例子|保留固定中文原文中的常见义；其他片段为重复、次要或噪声
same|confirm|adj|同一|同一|Reviewed common sense; omitted duplicate, narrow, or noisy glosses
right|confirm|adj|右|右|保留固定中文原文中的常见义；其他片段为重复、次要或噪声
report|confirm|noun|报告|报告|Reviewed common sense; omitted duplicate, narrow, or noisy glosses
report|confirm|verb|通知|通知|Reviewed common sense; omitted duplicate, narrow, or noisy glosses
believe|confirm|verb|相信|相信|保留固定中文原文中的常见义；其他片段为重复、次要或噪声
computer|confirm|noun|电脑|电脑|保留固定中文原文中的常见义；其他片段为重复、次要或噪声
public|confirm|adj|公共|公共|保留固定中文原文中的常见义；其他片段为重复、次要或噪声
health|confirm|noun|健康|健康|保留固定中文原文中的常见义；其他片段为重复、次要或噪声
far|confirm|adv|远|远|保留固定中文原文中的常见义；其他片段为重复、次要或噪声
young|confirm|adj|年轻|年轻|保留固定中文原文中的常见义；其他片段为重复、次要或噪声
large|confirm|adj|大|大|保留固定中文原文中的常见义；其他片段为重复、次要或噪声
call|confirm|verb|叫|叫|保留固定中文原文中的常见义；其他片段为重复、次要或噪声
city|confirm|noun|城市|城市|保留固定中文原文中的常见义；其他片段为重复、次要或噪声
develop|confirm|verb|發展|發展|保留固定中文原文中的常见义；其他片段为重复、次要或噪声
start|confirm|verb|开始|開始|Reviewed common sense; omitted duplicate, narrow, or noisy glosses
another|confirm|det|其他|其他|Reviewed common sense; omitted duplicate, narrow, or noisy glosses
centre|no_source||||固定两来源无可绑定的中文原文；不展示
idea|confirm|noun|主意|主意|保留固定中文原文中的常见义；其他片段为重复、次要或噪声
during|candidate|prep|同時|同時|Fixed Chinese original does not securely support a common sense at this POS; held from display
science|confirm|noun|科学|科学|保留固定中文原文中的常见义；其他片段为重复、次要或噪声
allow|candidate|verb|放|放|Fixed Chinese original does not securely support a common sense at this POS; held from display
age|confirm|noun|年龄|年龄|Reviewed common sense; omitted duplicate, narrow, or noisy glosses
age|confirm|noun|时代|时代|Reviewed common sense; omitted duplicate, narrow, or noisy glosses
leave|confirm|verb|留|留|保留固定中文原文中的常见义；其他片段为重复、次要或噪声
every|confirm|det|每|每|保留固定中文原文中的常见义；其他片段为重复、次要或噪声
talk|confirm|verb|讲话|讲话|Reviewed common sense; omitted duplicate, narrow, or noisy glosses
require|confirm|verb|需要|需要、要求|Reviewed common sense; omitted duplicate, narrow, or noisy glosses
car|confirm|noun|汽车|汽车|保留固定中文原文中的常见义；其他片段为重复、次要或噪声
statement|confirm|noun|宣告|宣告|保留固定中文原文中的常见义；其他片段为重复、次要或噪声
society|confirm|noun|社会|社会|保留固定中文原文中的常见义；其他片段为重复、次要或噪声
short|confirm|adj|短|短|Reviewed common sense; omitted duplicate, narrow, or noisy glosses
short|confirm|adj|矮|矮|Reviewed common sense; omitted duplicate, narrow, or noisy glosses
cause|confirm|noun|原因|原因|保留固定中文原文中的常见义；其他片段为重复、次要或噪声
down|confirm|adv|下边|下边|Reviewed common sense; omitted duplicate, narrow, or noisy glosses
technology|confirm|noun|技术|技术|保留固定中文原文中的常见义；其他片段为重复、次要或噪声
grow|confirm|verb|生长|生長|Reviewed common sense; omitted duplicate, narrow, or noisy glosses
sentence|confirm|noun|句子|句子|保留固定中文原文中的常见义；其他片段为重复、次要或噪声
without|confirm|prep|沒有|沒有|保留固定中文原文中的常见义；其他片段为重复、次要或噪声
hour|confirm|noun|小时|小时|保留固定中文原文中的常见义；其他片段为重复、次要或噪声
back|confirm|noun|背|背|保留固定中文原文中的常见义；其他片段为重复、次要或噪声
economic|candidate|adj|便宜|便宜|Fixed Chinese original does not securely support a common sense at this POS; held from display
big|confirm|adj|大|大|保留固定中文原文中的常见义；其他片段为重复、次要或噪声
begin|confirm|verb|開始|開始|保留固定中文原文中的常见义；其他片段为重复、次要或噪声
lead|confirm|noun|铅|铅|保留固定中文原文中的常见义；其他片段为重复、次要或噪声
off|candidate|adv|离开|離開|原文片段词性与副词试判未能互证，暂不展示
spend|confirm|verb|花|花|Reviewed common sense; omitted duplicate, narrow, or noisy glosses
little|confirm|adj|小|小|Reviewed common sense; omitted duplicate, narrow, or noisy glosses
little|confirm|adv|一点儿|一点儿|Reviewed common sense; omitted duplicate, narrow, or noisy glosses
bank|confirm|noun|银行|银行|Reviewed common sense; omitted duplicate, narrow, or noisy glosses
hard|confirm|adj|硬|硬|Reviewed common sense; omitted duplicate, narrow, or noisy glosses
hard|confirm|adj|难|难|Reviewed common sense; omitted duplicate, narrow, or noisy glosses
cost|confirm|noun|费用|費用|Reviewed common sense; omitted duplicate, narrow, or noisy glosses
class|confirm|noun|班|班|Reviewed common sense; omitted duplicate, narrow, or noisy glosses
class|confirm|noun|类|类|Reviewed common sense; omitted duplicate, narrow, or noisy glosses
group|confirm|noun|集團|集團|保留固定中文原文中的常见义；其他片段为重复、次要或噪声
price|confirm|noun|价格|价格|保留固定中文原文中的常见义；其他片段为重复、次要或噪声
effect|confirm|noun|效果|效果|保留固定中文原文中的常见义；其他片段为重复、次要或噪声
comprehension|confirm|noun|理解|理解|保留固定中文原文中的常见义；其他片段为重复、次要或噪声
today|candidate|adv|今天|今天|多词性或多词条原文待逐义复核；暂留候选
tell|confirm|verb|告诉|告诉|保留固定中文原文中的常见义；其他片段为重复、次要或噪声
set|candidate|verb|安排|安排|原文为名词条的“安排”，动词义待核，暂不展示
something|confirm|pron|某事|某事|保留固定中文原文中的常见义；其他片段为重复、次要或噪声
likely|confirm|adj|可能|可能|保留固定中文原文中的常见义；其他片段为重复、次要或噪声
turn|confirm|verb|转动|轉動|Reviewed common sense; omitted duplicate, narrow, or noisy glosses
turn|confirm|verb|变成|变成|Reviewed common sense; omitted duplicate, narrow, or noisy glosses
turn|confirm|noun|圈|圈|Reviewed common sense; omitted duplicate, narrow, or noisy glosses
course|confirm|noun|课程|課程|Reviewed common sense; omitted duplicate, narrow, or noisy glosses
buy|confirm|verb|买|买|保留固定中文原文中的常见义；其他片段为重复、次要或噪声
understand|confirm|verb|明白|明白|保留固定中文原文中的常见义；其他片段为重复、次要或噪声
offer|confirm|noun|倡议|倡议|保留固定中文原文中的常见义；其他片段为重复、次要或噪声
service|confirm|noun|服务|服务|保留固定中文原文中的常见义；其他片段为重复、次要或噪声
small|confirm|adj|小|小|保留固定中文原文中的常见义；其他片段为重复、次要或噪声
product|candidate|noun|乘积|乘积|Fixed Chinese original does not securely support a common sense at this POS; held from display
experience|confirm|noun|经验|经验|Reviewed common sense; omitted duplicate, narrow, or noisy glosses
suggest|confirm|verb|建议|建議|Reviewed common sense; omitted duplicate, narrow, or noisy glosses
decide|confirm|verb|决定|决定|保留固定中文原文中的常见义；其他片段为重复、次要或噪声
test|confirm|noun|考试|考试|保留固定中文原文中的常见义；其他片段为重复、次要或噪声
scientist|confirm|noun|科学家|科学家|保留固定中文原文中的常见义；其他片段为重复、次要或噪声
bring|confirm|verb|带|带|保留固定中文原文中的常见义；其他片段为重复、次要或噪声
since|confirm|conj|既然|既然|Reviewed common sense; omitted duplicate, narrow, or noisy glosses
since|confirm|prep|从|從|Reviewed common sense; omitted duplicate, narrow, or noisy glosses
however|confirm|adv|不过|不过|保留固定中文原文中的常见义；其他片段为重复、次要或噪声
person|confirm|noun|人|人|保留固定中文原文中的常见义；其他片段为重复、次要或噪声
teacher|confirm|noun|老师|老师|保留固定中文原文中的常见义；其他片段为重复、次要或噪声
around|confirm|adv|大约|大約|Reviewed common sense; omitted duplicate, narrow, or noisy glosses
whether|confirm|conj|吗|吗|保留固定中文原文中的常见义；其他片段为重复、次要或噪声
future|confirm|noun|未来|未来|保留固定中文原文中的常见义；其他片段为重复、次要或噪声
reason|confirm|noun|理由|理由|Reviewed common sense; omitted duplicate, narrow, or noisy glosses
view|confirm|noun|前景|前景|Reviewed common sense; omitted duplicate, narrow, or noisy glosses
view|confirm|noun|视野|視野|Reviewed common sense; omitted duplicate, narrow, or noisy glosses
water|confirm|noun|水|水|保留固定中文原文中的常见义；其他片段为重复、次要或噪声
improve|confirm|verb|改|改|保留固定中文原文中的常见义；其他片段为重复、次要或噪声
care|candidate|noun|关心|关心|原文在动词条，名词义暂不独立确认
care|confirm|verb|照顾|照顾|Reviewed common sense; omitted duplicate, narrow, or noisy glosses
benefit|confirm|noun|好处|好处|Reviewed common sense; omitted duplicate, narrow, or noisy glosses
benefit|confirm|noun|利益|利益|Reviewed common sense; omitted duplicate, narrow, or noisy glosses
low|confirm|adj|低|低|保留固定中文原文中的常见义；其他片段为重复、次要或噪声
program|confirm|noun|程序|程序|Reviewed common sense; omitted duplicate, narrow, or noisy glosses
program|confirm|noun|计划|计划|Reviewed common sense; omitted duplicate, narrow, or noisy glosses
market|confirm|noun|市场|市场|保留固定中文原文中的常见义；其他片段为重复、次要或噪声
teach|confirm|verb|教|教|保留固定中文原文中的常见义；其他片段为重复、次要或噪声
support|confirm|verb|支持|支持|Reviewed common sense; omitted duplicate, narrow, or noisy glosses
support|confirm|verb|帮忙|帮忙|Reviewed common sense; omitted duplicate, narrow, or noisy glosses
among|confirm|prep|中|中|保留固定中文原文中的常见义；其他片段为重复、次要或噪声
friend|confirm|noun|朋友|朋友|保留固定中文原文中的常见义；其他片段为重复、次要或噪声
skill|confirm|noun|技巧|技巧|保留固定中文原文中的常见义；其他片段为重复、次要或噪声
yet|confirm|adv|还|还|Reviewed common sense; omitted duplicate, narrow, or noisy glosses
form|confirm|noun|表|表|Reviewed common sense; omitted duplicate, narrow, or noisy glosses
form|confirm|noun|形状|形狀|Reviewed common sense; omitted duplicate, narrow, or noisy glosses
include|confirm|verb|介绍|介绍|保留固定中文原文中的常见义；其他片段为重复、次要或噪声
move|confirm|verb|动|动|保留固定中文原文中的常见义；其他片段为重复、次要或噪声
rather|candidate|adv|之前|之前|Fixed Chinese original does not securely support a common sense at this POS; held from display
create|confirm|verb|创造|創造|Reviewed common sense; omitted duplicate, narrow, or noisy glosses
never|confirm|adv|从不|从不|保留固定中文原文中的常见义；其他片段为重复、次要或噪声
century|confirm|noun|世纪|世纪|保留固定中文原文中的常见义；其他片段为重复、次要或噪声
bad|confirm|adj|坏|坏|保留固定中文原文中的常见义；其他片段为重复、次要或噪声
eat|confirm|verb|吃|吃|保留固定中文原文中的常见义；其他片段为重复、次要或噪声
always|confirm|adv|总是|總是|Reviewed common sense; omitted duplicate, narrow, or noisy glosses
least|candidate|adv|减|减|Fixed Chinese original does not securely support a common sense at this POS; held from display
face|confirm|noun|脸|脸|Reviewed common sense; omitted duplicate, narrow, or noisy glosses
consider|confirm|verb|考虑|考慮|Reviewed common sense; omitted duplicate, narrow, or noisy glosses
industry|confirm|noun|产业|产业|保留固定中文原文中的常见义；其他片段为重复、次要或噪声
themselves|candidate|pron|同一|同一|Fixed Chinese original does not securely support a common sense at this POS; held from display
process|candidate|noun|行程|行程|多词性或多词条原文待逐义复核；暂留候选
rate|confirm|noun|价格|价格|Reviewed common sense; omitted duplicate, narrow, or noisy glosses
rate|confirm|noun|利息率|利息率|Reviewed common sense; omitted duplicate, narrow, or noisy glosses
fact|confirm|noun|事实|事实|保留固定中文原文中的常见义；其他片段为重复、次要或噪声
house|confirm|noun|房子|房子|保留固定中文原文中的常见义；其他片段为重复、次要或噪声
culture|confirm|noun|文化|文化|保留固定中文原文中的常见义；其他片段为重复、次要或噪声
power|candidate|noun|功率|功率|Fixed Chinese original does not securely support a common sense at this POS; held from display
share|confirm|noun|股票|股票|保留固定中文原文中的常见义；其他片段为重复、次要或噪声
area|confirm|noun|地区|地區|Reviewed common sense; omitted duplicate, narrow, or noisy glosses
million|confirm|num|百万|百万|Reviewed common sense; omitted duplicate, narrow, or noisy glosses
lot|candidate|noun|一起|一起|Fixed Chinese original does not securely support a common sense at this POS; held from display
sense|confirm|noun|意义|意义|Reviewed common sense; omitted duplicate, narrow, or noisy glosses
sense|confirm|noun|感觉|感觉|Reviewed common sense; omitted duplicate, narrow, or noisy glosses
lose|confirm|verb|输掉|輸掉了|Reviewed common sense; omitted duplicate, narrow, or noisy glosses
against|candidate|prep|下|下|Fixed Chinese original does not securely support a common sense at this POS; held from display
rise|confirm|verb|增加|增加|Reviewed common sense; omitted duplicate, narrow, or noisy glosses
rise|confirm|verb|起床|起床|Reviewed common sense; omitted duplicate, narrow, or noisy glosses
energy|confirm|noun|能源|能源|Reviewed common sense; omitted duplicate, narrow, or noisy glosses
energy|confirm|noun|能量|能量|Reviewed common sense; omitted duplicate, narrow, or noisy glosses
control|confirm|verb|控制|控制|Reviewed common sense; omitted duplicate, narrow, or noisy glosses
space|confirm|noun|空间|空间|Reviewed common sense; omitted duplicate, narrow, or noisy glosses
space|confirm|noun|太空|太空|Reviewed common sense; omitted duplicate, narrow, or noisy glosses
case|confirm|noun|事|事|Reviewed common sense; omitted duplicate, narrow, or noisy glosses
case|confirm|noun|箱子|箱子|Reviewed common sense; omitted duplicate, narrow, or noisy glosses
hold|confirm|verb|夹住|夹住|Reviewed common sense; omitted duplicate, narrow, or noisy glosses
ability|candidate|noun|人才|人才|Fixed Chinese original does not securely support a common sense at this POS; held from display
animal|confirm|noun|动物|动物|Reviewed common sense; omitted duplicate, narrow, or noisy glosses
enough|confirm|adv|够|够|Reviewed common sense; omitted duplicate, narrow, or noisy glosses
value|confirm|noun|价值|價值|Reviewed common sense; omitted duplicate, narrow, or noisy glosses
value|confirm|verb|认为|认为|Reviewed common sense; omitted duplicate, narrow, or noisy glosses
role|candidate|noun|角|角|Fixed Chinese original does not securely support a common sense at this POS; held from display
week|confirm|noun|星期|星期|保留固定中文原文中的常见义；其他片段为重复、次要或噪声
hand|confirm|noun|手|手|保留固定中文原文中的常见义；其他片段为重复、次要或噪声
ten|confirm|num|十|十|Reviewed common sense; omitted duplicate, narrow, or noisy glosses
term|confirm|noun|期间|期间|Reviewed common sense; omitted duplicate, narrow, or noisy glosses
term|confirm|noun|条件|條件|Reviewed common sense; omitted duplicate, narrow, or noisy glosses
away|confirm|adv|远|远|Reviewed common sense; omitted duplicate, narrow, or noisy glosses
happen|confirm|verb|发生|发生|保留固定中文原文中的常见义；其他片段为重复、次要或噪声
self|confirm|noun|自我|自我|保留固定中文原文中的常见义；其他片段为重复、次要或噪声
art|confirm|noun|艺术|艺术|保留固定中文原文中的常见义；其他片段为重复、次要或噪声
decision|confirm|noun|决定|決定|Reviewed common sense; omitted duplicate, narrow, or noisy glosses
interest|confirm|noun|利息|利息|保留固定中文原文中的常见义；其他片段为重复、次要或噪声
drive|confirm|verb|开|开|保留固定中文原文中的常见义；其他片段为重复、次要或噪声
issue|confirm|noun|问题|問題|Reviewed common sense; omitted duplicate, narrow, or noisy glosses
issue|confirm|verb|出版|出版|Reviewed common sense; omitted duplicate, narrow, or noisy glosses
produce|no_source||||固定两来源无可绑定的中文原文；不展示
complete|confirm|adj|完全|完全|Reviewed common sense; omitted duplicate, narrow, or noisy glosses
under|confirm|prep|下面|下面|Reviewed common sense; omitted duplicate, narrow, or noisy glosses
activity|confirm|noun|活动|活动|保留固定中文原文中的常见义；其他片段为重复、次要或噪声
national|candidate|adj|国家|国家|多词性或多词条原文待逐义复核；暂留候选
brain|confirm|noun|头脑|头脑|保留固定中文原文中的常见义；其他片段为重复、次要或噪声
level|confirm|noun|水平|水平|保留固定中文原文中的常见义；其他片段为重复、次要或噪声
able|confirm|adj|有才能|有才能|Reviewed common sense; omitted duplicate, narrow, or noisy glosses
run|confirm|verb|跑|跑|保留固定中文原文中的常见义；其他片段为重复、次要或噪声
past|confirm|noun|过去|过去|Reviewed common sense; omitted duplicate, narrow, or noisy glosses
win|confirm|verb|打败|打敗|Reviewed common sense; omitted duplicate, narrow, or noisy glosses
win|confirm|noun|胜利|胜利|Reviewed common sense; omitted duplicate, narrow, or noisy glosses
present|confirm|verb|提出|提出|Reviewed common sense; omitted duplicate, narrow, or noisy glosses
present|confirm|adj|在场|在场|Reviewed common sense; omitted duplicate, narrow, or noisy glosses
quality|confirm|noun|品质|品质|保留固定中文原文中的常见义；其他片段为重复、次要或噪声
difficult|confirm|adj|难|难|保留固定中文原文中的常见义；其他片段为重复、次要或噪声
easy|confirm|adj|容易|容易|Reviewed common sense; omitted duplicate, narrow, or noisy glosses
tend|candidate|verb|办理|办理|Fixed Chinese original does not securely support a common sense at this POS; held from display
reduce|confirm|verb|减少|减少|保留固定中文原文中的常见义；其他片段为重复、次要或噪声
five|confirm|num|五|五|Reviewed common sense; omitted duplicate, narrow, or noisy glosses
expect|candidate|verb|候|候|Fixed Chinese original does not securely support a common sense at this POS; held from display
order|confirm|noun|命令|命令|保留固定中文原文中的常见义；其他片段为重复、次要或噪声
law|confirm|noun|法律|法律|保留固定中文原文中的常见义；其他片段为重复、次要或噪声
environment|confirm|noun|环境|环境|保留固定中文原文中的常见义；其他片段为重复、次要或噪声
paper|confirm|noun|纸|纸|Reviewed common sense; omitted duplicate, narrow, or noisy glosses
mind|confirm|noun|意志|意志|Reviewed common sense; omitted duplicate, narrow, or noisy glosses
mind|confirm|noun|意见|意见|Reviewed common sense; omitted duplicate, narrow, or noisy glosses
kid|confirm|noun|小朋友|小朋友|Reviewed common sense; omitted duplicate, narrow, or noisy glosses
economy|confirm|noun|经济|经济|保留固定中文原文中的常见义；其他片段为重复、次要或噪声
percent|candidate|noun|分|分|Fixed Chinese original does not securely support a common sense at this POS; held from display
sleep|confirm|verb|睡觉|睡觉|Reviewed common sense; omitted duplicate, narrow, or noisy glosses
sleep|confirm|noun|睡眠|睡眠|Reviewed common sense; omitted duplicate, narrow, or noisy glosses
recent|confirm|adj|最近|最近|保留固定中文原文中的常见义；其他片段为重复、次要或噪声
half|confirm|noun|半|半|保留固定中文原文中的常见义；其他片段为重复、次要或噪声
close|confirm|verb|关|关|保留固定中文原文中的常见义；其他片段为重复、次要或噪声
attention|confirm|noun|注意|注意|Reviewed common sense; omitted duplicate, narrow, or noisy glosses
poor|confirm|adj|贫穷|貧窮|Reviewed common sense; omitted duplicate, narrow, or noisy glosses
free|confirm|adj|免费|免費|Reviewed common sense; omitted duplicate, narrow, or noisy glosses
free|confirm|verb|放|放|Reviewed common sense; omitted duplicate, narrow, or noisy glosses
body|confirm|noun|身|身|保留固定中文原文中的常见义；其他片段为重复、次要或噪声
measure|confirm|noun|措施|措施|Reviewed common sense; omitted duplicate, narrow, or noisy glosses
measure|confirm|verb|测量|测量|Reviewed common sense; omitted duplicate, narrow, or noisy glosses
travel|confirm|verb|旅行|旅行|保留固定中文原文中的常见义；其他片段为重复、次要或噪声
major|confirm|noun|少校|少校|Reviewed common sense; omitted duplicate, narrow, or noisy glosses
professor|confirm|noun|教授|教授|保留固定中文原文中的常见义；其他片段为重复、次要或噪声
natural|confirm|adj|自然|自然|保留固定中文原文中的常见义；其他片段为重复、次要或噪声
remain|confirm|verb|留|留|Reviewed common sense; omitted duplicate, narrow, or noisy glosses
though|confirm|conj|虽然|虽然|Reviewed common sense; omitted duplicate, narrow, or noisy glosses
next|confirm|adj|下|下|保留固定中文原文中的常见义；其他片段为重复、次要或噪声
design|confirm|noun|设计|设计|Reviewed common sense; omitted duplicate, narrow, or noisy glosses
history|confirm|noun|历史|历史|保留固定中文原文中的常见义；其他片段为重复、次要或噪声
nation|confirm|noun|國民|國民|保留固定中文原文中的常见义；其他片段为重复、次要或噪声
real|confirm|adj|真的|真的|Reviewed common sense; omitted duplicate, narrow, or noisy glosses
almost|confirm|adv|几乎|几乎|保留固定中文原文中的常见义；其他片段为重复、次要或噪声
customer|confirm|noun|客人|客人|保留固定中文原文中的常见义；其他片段为重复、次要或噪声
subject|confirm|noun|主题|主題|Reviewed common sense; omitted duplicate, narrow, or noisy glosses
ago|candidate|adv|前|前|原文为后置词位置，现有词性闭集不宜直接称副词
focus|confirm|noun|焦点|焦點|Reviewed common sense; omitted duplicate, narrow, or noisy glosses
local|candidate|adj|地方|地方|Fixed Chinese original does not securely support a common sense at this POS; held from display
really|confirm|adv|真的|真的|Reviewed common sense; omitted duplicate, narrow, or noisy glosses
certain|candidate|adj|一些|一些|多词性或多词条原文待逐义复核；暂留候选
success|confirm|noun|成功|成功|保留固定中文原文中的常见义；其他片段为重复、次要或噪声
late|confirm|adj|晚|晚|Reviewed common sense; omitted duplicate, narrow, or noisy glosses
true|confirm|adj|真|真|Reviewed common sense; omitted duplicate, narrow, or noisy glosses
name|confirm|noun|名字|名字|保留固定中文原文中的常见义；其他片段为重复、次要或噪声
knowledge|confirm|noun|知识|知识|保留固定中文原文中的常见义；其他片段为重复、次要或噪声
stress|confirm|noun|压力|壓力|Reviewed common sense; omitted duplicate, narrow, or noisy glosses
matter|confirm|noun|物质|物质|Reviewed common sense; omitted duplicate, narrow, or noisy glosses
involve|no_source||||固定两来源无可绑定的中文原文；不展示
raise|confirm|verb|举|举|Reviewed common sense; omitted duplicate, narrow, or noisy glosses
raise|confirm|verb|培养|培养|Reviewed common sense; omitted duplicate, narrow, or noisy glosses
identify|no_source||||固定两来源无可绑定的中文原文；不展示
stay|confirm|verb|留下|留下|保留固定中文原文中的常见义；其他片段为重复、次要或噪声
population|confirm|noun|人口|人口|保留固定中文原文中的常见义；其他片段为重复、次要或噪声
risk|confirm|noun|概率|概率|Reviewed common sense; omitted duplicate, narrow, or noisy glosses
medium|confirm|noun|媒体|媒體|Reviewed common sense; omitted duplicate, narrow, or noisy glosses
lack|confirm|noun|不足|不足|Reviewed common sense; omitted duplicate, narrow, or noisy glosses
strong|confirm|adj|强壮|強壯|Reviewed common sense; omitted duplicate, narrow, or noisy glosses
fill|confirm|verb|填充|填充|Reviewed common sense; omitted duplicate, narrow, or noisy glosses
patient|confirm|noun|患者|患者|Reviewed common sense; omitted duplicate, narrow, or noisy glosses
patient|confirm|adj|耐心|耐心|Reviewed common sense; omitted duplicate, narrow, or noisy glosses
rule|confirm|noun|规则|規則|Reviewed common sense; omitted duplicate, narrow, or noisy glosses
until|confirm|prep|前|前|保留固定中文原文中的常见义；其他片段为重复、次要或噪声
continue|confirm|verb|接着|接着|保留固定中文原文中的常见义；其他片段为重复、次要或噪声
already|confirm|adv|已经|已经|保留固定中文原文中的常见义；其他片段为重复、次要或噪声
record|confirm|noun|纪录|纪录|Reviewed common sense; omitted duplicate, narrow, or noisy glosses
record|confirm|noun|唱片|唱片|Reviewed common sense; omitted duplicate, narrow, or noisy glosses
record|confirm|verb|记下|记下|Reviewed common sense; omitted duplicate, narrow, or noisy glosses
employee|confirm|noun|职员|职员|保留固定中文原文中的常见义；其他片段为重复、次要或噪声
sell|confirm|verb|卖|卖|Reviewed common sense; omitted duplicate, narrow, or noisy glosses
note|candidate|noun|音符|音符|Fixed Chinese original does not securely support a common sense at this POS; held from display
month|confirm|noun|月|月|保留固定中文原文中的常见义；其他片段为重复、次要或噪声
community|confirm|noun|社群|社群|保留固定中文原文中的常见义；其他片段为重复、次要或噪声
demand|confirm|verb|索取|索取|Reviewed common sense; omitted duplicate, narrow, or noisy glosses
personal|candidate|adj|亲自|亲自|Fixed Chinese original does not securely support a common sense at this POS; held from display
instead|candidate|adv|改|改|Fixed Chinese original does not securely support a common sense at this POS; held from display
challenge|confirm|noun|挑战|挑戰|Reviewed common sense; omitted duplicate, narrow, or noisy glosses
store|confirm|noun|商店|商店|Reviewed common sense; omitted duplicate, narrow, or noisy glosses
store|confirm|verb|收|收|Reviewed common sense; omitted duplicate, narrow, or noisy glosses
check|confirm|verb|检查|检查|Reviewed common sense; omitted duplicate, narrow, or noisy glosses
check|confirm|noun|支票|支票|Reviewed common sense; omitted duplicate, narrow, or noisy glosses
deal|confirm|noun|协定|协定|Reviewed common sense; omitted duplicate, narrow, or noisy glosses
deal|confirm|verb|办理|办理|Reviewed common sense; omitted duplicate, narrow, or noisy glosses
opportunity|confirm|noun|机会|機會|Reviewed common sense; omitted duplicate, narrow, or noisy glosses
relationship|confirm|noun|关系|关系|保留固定中文原文中的常见义；其他片段为重复、次要或噪声
list|confirm|noun|名单|名单|Reviewed common sense; omitted duplicate, narrow, or noisy glosses
list|confirm|verb|列举|列举|Reviewed common sense; omitted duplicate, narrow, or noisy glosses
usually|confirm|adv|常常|常常|保留固定中文原文中的常见义；其他片段为重复、次要或噪声
average|confirm|adj|普通|普通|Reviewed common sense; omitted duplicate, narrow, or noisy glosses
average|confirm|noun|平均|平均|Reviewed common sense; omitted duplicate, narrow, or noisy glosses
although|confirm|conj|不过|不过|保留固定中文原文中的常见义；其他片段为重复、次要或噪声
eye|confirm|noun|眼睛|眼睛|保留固定中文原文中的常见义；其他片段为重复、次要或噪声
break|confirm|noun|休息|休息|Reviewed common sense; omitted duplicate, narrow, or noisy glosses
fast|confirm|adj|快|快|Reviewed common sense; omitted duplicate, narrow, or noisy glosses
common|confirm|adj|共同|共同|保留固定中文原文中的常见义；其他片段为重复、次要或噪声
condition|confirm|noun|条件|条件|Reviewed common sense; omitted duplicate, narrow, or noisy glosses
condition|confirm|noun|状态|状态|Reviewed common sense; omitted duplicate, narrow, or noisy glosses
behavior|confirm|noun|举止|举止|保留固定中文原文中的常见义；其他片段为重复、次要或噪声
global|candidate|adj|圆球|圆球|Fixed Chinese original does not securely support a common sense at this POS; held from display
difference|confirm|noun|差|差|保留固定中文原文中的常见义；其他片段为重复、次要或噪声
light|confirm|noun|光|光|Reviewed common sense; omitted duplicate, narrow, or noisy glosses
light|confirm|adj|轻|轻|Reviewed common sense; omitted duplicate, narrow, or noisy glosses
growth|confirm|noun|增长|增长|保留固定中文原文中的常见义；其他片段为重复、次要或噪声
shop|confirm|noun|商店|商店|保留固定中文原文中的常见义；其他片段为重复、次要或噪声
concern|confirm|verb|涉及|涉及|Reviewed common sense; omitted duplicate, narrow, or noisy glosses
concern|confirm|noun|担心|擔心|Reviewed common sense; omitted duplicate, narrow, or noisy glosses
task|confirm|noun|任务|任务|保留固定中文原文中的常见义；其他片段为重复、次要或噪声
scientific|candidate|adj|科学|科学|Fixed Chinese original does not securely support a common sense at this POS; held from display
effort|confirm|noun|努力|努力|保留固定中文原文中的常见义；其他片段为重复、次要或噪声
plant|confirm|noun|植物|植物|Reviewed common sense; omitted duplicate, narrow, or noisy glosses
plant|confirm|verb|种|種|Reviewed common sense; omitted duplicate, narrow, or noisy glosses
encourage|confirm|verb|激励|激励|保留固定中文原文中的常见义；其他片段为重复、次要或噪声
career|confirm|noun|职业|職業|Reviewed common sense; omitted duplicate, narrow, or noisy glosses
fail|confirm|verb|中断|中断|保留固定中文原文中的常见义；其他片段为重复、次要或噪声
influence|confirm|noun|影响|影響|Reviewed common sense; omitted duplicate, narrow, or noisy glosses
avoid|confirm|verb|避免|避免|保留固定中文原文中的常见义；其他片段为重复、次要或噪声
add|confirm|verb|加|加|保留固定中文原文中的常见义；其他片段为重复、次要或噪声
policy|confirm|noun|政策|政策|保留固定中文原文中的常见义；其他片段为重复、次要或噪声
item|confirm|noun|物件|物件|Reviewed common sense; omitted duplicate, narrow, or noisy glosses
force|confirm|noun|力气|力氣|Reviewed common sense; omitted duplicate, narrow, or noisy glosses
member|confirm|noun|会员|会员|保留固定中文原文中的常见义；其他片段为重复、次要或噪声
explain|confirm|verb|解释|解释|保留固定中文原文中的常见义；其他片段为重复、次要或噪声
translation|confirm|noun|翻译|翻譯|Reviewed common sense; omitted duplicate, narrow, or noisy glosses
side|confirm|noun|边|边|Reviewed common sense; omitted duplicate, narrow, or noisy glosses
side|confirm|noun|侧面|側面|Reviewed common sense; omitted duplicate, narrow, or noisy glosses
enjoy|confirm|verb|享受|享受|保留固定中文原文中的常见义；其他片段为重复、次要或噪声
cut|no_source||||固定两来源无可绑定的中文原文；不展示
adult|confirm|noun|成年人|成年人|Reviewed common sense; omitted duplicate, narrow, or noisy glosses
international|confirm|adj|国际|国际|Reviewed common sense; omitted duplicate, narrow, or noisy glosses
training|confirm|noun|练习|练习|保留固定中文原文中的常见义；其他片段为重复、次要或噪声
general|confirm|noun|将军|将军|Reviewed common sense; omitted duplicate, narrow, or noisy glosses
nature|confirm|noun|自然|自然|Reviewed common sense; omitted duplicate, narrow, or noisy glosses
type|confirm|noun|类型|类型|Reviewed common sense; omitted duplicate, narrow, or noisy glosses
doctor|confirm|noun|大夫|大夫|Reviewed common sense; omitted duplicate, narrow, or noisy glosses
mother|confirm|noun|妈妈|妈妈|保留固定中文原文中的常见义；其他片段为重复、次要或噪声
situation|confirm|noun|情况|情况|保留固定中文原文中的常见义；其他片段为重复、次要或噪声
several|confirm|det|一些|一些|保留固定中文原文中的常见义；其他片段为重复、次要或噪声
save|confirm|verb|拯救|拯救|Reviewed common sense; omitted duplicate, narrow, or noisy glosses
essay|confirm|noun|随笔|随笔|保留固定中文原文中的常见义；其他片段为重复、次要或噪声
game|confirm|noun|游戏|游戏|保留固定中文原文中的常见义；其他片段为重复、次要或噪声
graduate|confirm|verb|毕业|畢業|Reviewed common sense; omitted duplicate, narrow, or noisy glosses
decade|confirm|noun|年代|年代|保留固定中文原文中的常见义；其他片段为重复、次要或噪声
miss|candidate|noun|小姐|小姐|多词性或多词条原文待逐义复核；暂留候选
train|confirm|noun|火车|火车|保留固定中文原文中的常见义；其他片段为重复、次要或噪声
third|confirm|num|第三|第三|Reviewed common sense; omitted duplicate, narrow, or noisy glosses
interview|confirm|noun|采访|采访|保留固定中文原文中的常见义；其他片段为重复、次要或噪声
stop|confirm|verb|停止|停止|Reviewed common sense; omitted duplicate, narrow, or noisy glosses
stop|confirm|noun|车站|車站|Reviewed common sense; omitted duplicate, narrow, or noisy glosses
financial|no_source||||固定两来源无可绑定的中文原文；不展示
reach|confirm|verb|到|到|Reviewed common sense; omitted duplicate, narrow, or noisy glosses
professional|confirm|adj|专业|专业|Reviewed common sense; omitted duplicate, narrow, or noisy glosses
sign|confirm|noun|标志|標誌|Reviewed common sense; omitted duplicate, narrow, or noisy glosses
earth|confirm|noun|地球|地球|Reviewed common sense; omitted duplicate, narrow, or noisy glosses
project|confirm|noun|项目|項目|Reviewed common sense; omitted duplicate, narrow, or noisy glosses
generation|confirm|noun|一代|一代|保留固定中文原文中的常见义；其他片段为重复、次要或噪声
standard|confirm|noun|水平|水平|Reviewed common sense; omitted duplicate, narrow, or noisy glosses
war|confirm|noun|战争|战争|保留固定中文原文中的常见义；其他片段为重复、次要或噪声
story|confirm|noun|故事|故事|保留固定中文原文中的常见义；其他片段为重复、次要或噪声
rich|confirm|adj|富有|富有|保留固定中文原文中的常见义；其他片段为重复、次要或噪声
later|confirm|adv|后来|后来|Reviewed common sense; omitted duplicate, narrow, or noisy glosses
air|confirm|noun|空气|空气|保留固定中文原文中的常见义；其他片段为重复、次要或噪声
night|confirm|noun|夜|夜|保留固定中文原文中的常见义；其他片段为重复、次要或噪声
contain|confirm|verb|内含|內含|Reviewed common sense; omitted duplicate, narrow, or noisy glosses
main|candidate|pron|美因河|美因河|Fixed Chinese original does not securely support a common sense at this POS; held from display
soon|confirm|adv|不久|不久|保留固定中文原文中的常见义；其他片段为重复、次要或噪声
sound|confirm|noun|声音|声音|Reviewed common sense; omitted duplicate, narrow, or noisy glosses
love|confirm|noun|爱情|爱情|Reviewed common sense; omitted duplicate, narrow, or noisy glosses
love|confirm|verb|喜爱|喜爱|Reviewed common sense; omitted duplicate, narrow, or noisy glosses
account|confirm|noun|帐|帐|Reviewed common sense; omitted duplicate, narrow, or noisy glosses
return|confirm|verb|返回|返回|Reviewed common sense; omitted duplicate, narrow, or noisy glosses
affect|confirm|verb|影响|影响|保留固定中文原文中的常见义；其他片段为重复、次要或噪声
translate|confirm|verb|翻译|翻译|保留固定中文原文中的常见义；其他片段为重复、次要或噪声
sure|confirm|adj|确定|確定|Reviewed common sense; omitted duplicate, narrow, or noisy glosses
describe|confirm|verb|描述|描述|保留固定中文原文中的常见义；其他片段为重复、次要或噪声
full|confirm|adj|满|满|保留固定中文原文中的常见义；其他片段为重复、次要或噪声
room|confirm|noun|房间|房间|保留固定中文原文中的常见义；其他片段为重复、次要或噪声
appear|confirm|verb|出现|出现|保留固定中文原文中的常见义；其他片段为重复、次要或噪声
impact|confirm|noun|冲击|冲击|保留固定中文原文中的常见义；其他片段为重复、次要或噪声
period|confirm|noun|期间|期间|Reviewed common sense; omitted duplicate, narrow, or noisy glosses
television|confirm|noun|电视|电视|保留固定中文原文中的常见义；其他片段为重复、次要或噪声
quite|candidate|adv|全部|全部|Fixed Chinese original does not securely support a common sense at this POS; held from display
position|confirm|noun|位置|位置|保留固定中文原文中的常见义；其他片段为重复、次要或噪声
attitude|confirm|noun|态度|态度|保留固定中文原文中的常见义；其他片段为重复、次要或噪声
machine|candidate|noun|機|機|Fixed Chinese original does not securely support a common sense at this POS; held from display
clear|confirm|adj|清楚|清楚|Reviewed common sense; omitted duplicate, narrow, or noisy glosses
field|confirm|noun|场|场|保留固定中文原文中的常见义；其他片段为重复、次要或噪声
pass|confirm|verb|通过|通过|Reviewed common sense; omitted duplicate, narrow, or noisy glosses
below|confirm|adv|下边|下边|Reviewed common sense; omitted duplicate, narrow, or noisy glosses
here|confirm|adv|这里|这里|保留固定中文原文中的常见义；其他片段为重复、次要或噪声
communication|candidate|noun|传播学|传播学|Fixed Chinese original does not securely support a common sense at this POS; held from display
protect|confirm|verb|保护|保護|Reviewed common sense; omitted duplicate, narrow, or noisy glosses
lecture|confirm|noun|演讲|演講|Reviewed common sense; omitted duplicate, narrow, or noisy glosses
factor|confirm|noun|因数|因數|Reviewed common sense; omitted duplicate, narrow, or noisy glosses
top|confirm|noun|峰|峰|Reviewed common sense; omitted duplicate, narrow, or noisy glosses
firm|confirm|noun|公司|公司|Reviewed common sense; omitted duplicate, narrow, or noisy glosses
draw|confirm|verb|拉|拉|Reviewed common sense; omitted duplicate, narrow, or noisy glosses
draw|confirm|verb|画|畫|Reviewed common sense; omitted duplicate, narrow, or noisy glosses
memory|confirm|noun|记忆|記憶|Reviewed common sense; omitted duplicate, narrow, or noisy glosses
whole|confirm|adj|全部的|全部的|Reviewed common sense; omitted duplicate, narrow, or noisy glosses
writer|confirm|noun|作家|作家|保留固定中文原文中的常见义；其他片段为重复、次要或噪声
watch|confirm|verb|看|看|Reviewed common sense; omitted duplicate, narrow, or noisy glosses
watch|confirm|noun|手表|手表|Reviewed common sense; omitted duplicate, narrow, or noisy glosses
death|confirm|noun|死亡|死亡|Reviewed common sense; omitted duplicate, narrow, or noisy glosses
white|confirm|adj|白色|白色|Reviewed common sense; omitted duplicate, narrow, or noisy glosses
academic|confirm|adj|学术的|学术的|Reviewed common sense; omitted duplicate, narrow, or noisy glosses
bear|confirm|noun|熊|熊|保留固定中文原文中的常见义；其他片段为重复、次要或噪声
importance|confirm|noun|重要|重要|保留固定中文原文中的常见义；其他片段为重复、次要或噪声
decline|confirm|verb|拒绝|拒绝|Reviewed common sense; omitted duplicate, narrow, or noisy glosses
claim|confirm|verb|称|称|Reviewed common sense; omitted duplicate, narrow, or noisy glosses
model|confirm|noun|模型|模型|保留固定中文原文中的常见义；其他片段为重复、次要或噪声
wrong|confirm|adj|不对|不对|Reviewed common sense; omitted duplicate, narrow, or noisy glosses
expert|candidate|noun|家|家|Fixed Chinese original does not securely support a common sense at this POS; held from display
carry|confirm|verb|带|带|保留固定中文原文中的常见义；其他片段为重复、次要或噪声
act|confirm|verb|演出|演出|保留固定中文原文中的常见义；其他片段为重复、次要或噪声
send|confirm|verb|送|送|保留固定中文原文中的常见义；其他片段为重复、次要或噪声
accept|confirm|verb|接受|接受|保留固定中文原文中的常见义；其他片段为重复、次要或噪声
potential|confirm|noun|潜力|潜力|Reviewed common sense; omitted duplicate, narrow, or noisy glosses
degree|confirm|noun|度|度|保留固定中文原文中的常见义；其他片段为重复、次要或噪声
resource|candidate|noun|原料|原料|Fixed Chinese original does not securely support a common sense at this POS; held from display
pause|confirm|noun|暂停|暫停|Reviewed common sense; omitted duplicate, narrow, or noisy glosses
opinion|confirm|noun|意见|意见|保留固定中文原文中的常见义；其他片段为重复、次要或噪声
income|confirm|noun|收入|收入|保留固定中文原文中的常见义；其他片段为重复、次要或噪声
amount|candidate|noun|笔|笔|Fixed Chinese original does not securely support a common sense at this POS; held from display
disease|confirm|noun|疾病|疾病|保留固定中文原文中的常见义；其他片段为重复、次要或噪声
stand|confirm|verb|站|站|Reviewed common sense; omitted duplicate, narrow, or noisy glosses
political|confirm|adj|政治的|政治|Reviewed common sense; omitted duplicate, narrow, or noisy glosses
popular|confirm|adj|常见|常见|保留固定中文原文中的常见义；其他片段为重复、次要或噪声
argue|confirm|verb|商议|商议|保留固定中文原文中的常见义；其他片段为重复、次要或噪声
physical|confirm|adj|物理的|物理|Reviewed common sense; omitted duplicate, narrow, or noisy glosses
team|confirm|noun|团队|团队|保留固定中文原文中的常见义；其他片段为重复、次要或噪声
action|confirm|noun|行动|行动|Reviewed common sense; omitted duplicate, narrow, or noisy glosses
material|confirm|noun|布料|布料|保留固定中文原文中的常见义；其他片段为重复、次要或噪声
compare|confirm|verb|比|比|保留固定中文原文中的常见义；其他片段为重复、次要或噪声
competition|confirm|noun|竞争|竞争|Reviewed common sense; omitted duplicate, narrow, or noisy glosses
nothing|candidate|noun|什么|什么|Fixed Chinese original does not securely support a common sense at this POS; held from display
perhaps|confirm|adv|或许|或许|保留固定中文原文中的常见义；其他片段为重复、次要或噪声
private|confirm|adj|私人|私人|Reviewed common sense; omitted duplicate, narrow, or noisy glosses
please|confirm|interj|请|请|保留固定中文原文中的常见义；其他片段为重复、次要或噪声
head|confirm|noun|头|头|Reviewed common sense; omitted duplicate, narrow, or noisy glosses
street|confirm|noun|街|街|保留固定中文原文中的常见义；其他片段为重复、次要或噪声
available|no_source||||固定两来源无可绑定的中文原文；不展示
current|candidate|adj|活期|活期|Fixed Chinese original does not securely support a common sense at this POS; held from display
boy|confirm|noun|男孩|男孩|保留固定中文原文中的常见义；其他片段为重复、次要或噪声
goal|confirm|noun|目的|目的|Reviewed common sense; omitted duplicate, narrow, or noisy glosses
loss|candidate|noun|估量|估量|Fixed Chinese original does not securely support a common sense at this POS; held from display
evidence|confirm|noun|证据|證據|Reviewed common sense; omitted duplicate, narrow, or noisy glosses
together|confirm|adv|一起|一起|保留固定中文原文中的常见义；其他片段为重复、次要或噪声
speed|confirm|noun|速度|速度|Reviewed common sense; omitted duplicate, narrow, or noisy glosses
middle|confirm|noun|中央|中央|Reviewed common sense; omitted duplicate, narrow, or noisy glosses
along|candidate|adv|一块|一块|Fixed Chinese original does not securely support a common sense at this POS; held from display
sale|confirm|noun|销售|销售|Reviewed common sense; omitted duplicate, narrow, or noisy glosses
production|confirm|noun|生产|生产|保留固定中文原文中的常见义；其他片段为重复、次要或噪声
grade|confirm|noun|分数|分数|保留固定中文原文中的常见义；其他片段为重复、次要或噪声
visit|confirm|verb|拜访|拜访|Reviewed common sense; omitted duplicate, narrow, or noisy glosses
content|confirm|adj|满意|满意|Reviewed common sense; omitted duplicate, narrow, or noisy glosses
source|candidate|noun|本|本|Fixed Chinese original does not securely support a common sense at this POS; held from display
security|confirm|noun|安全|安全|保留固定中文原文中的常见义；其他片段为重复、次要或噪声
gap|candidate|noun|休息|休息|Fixed Chinese original does not securely support a common sense at this POS; held from display
across|confirm|prep|对面|对面|保留固定中文原文中的常见义；其他片段为重复、次要或噪声
let|confirm|verb|让|让|Reviewed common sense; omitted duplicate, narrow, or noisy glosses
depend|confirm|verb|靠|靠|保留固定中文原文中的常见义；其他片段为重复、次要或噪声
especially|confirm|adv|特别|特別|Reviewed common sense; omitted duplicate, narrow, or noisy glosses
modern|no_source||||固定两来源无可绑定的中文原文；不展示
simply|confirm|adv|刚|刚|保留固定中文原文中的常见义；其他片段为重复、次要或噪声
farm|confirm|noun|农场|农场|Reviewed common sense; omitted duplicate, narrow, or noisy glosses
approach|confirm|noun|入口|入口|保留固定中文原文中的常见义；其他片段为重复、次要或噪声
correct|confirm|adj|正确|正確|Reviewed common sense; omitted duplicate, narrow, or noisy glosses
correct|confirm|verb|修正|修正|Reviewed common sense; omitted duplicate, narrow, or noisy glosses
special|confirm|adj|特别的|特別的|Reviewed common sense; omitted duplicate, narrow, or noisy glosses
someone|confirm|pron|有人|有人|保留固定中文原文中的常见义；其他片段为重复、次要或噪声
speaker|confirm|noun|喇叭|喇叭|Reviewed common sense; omitted duplicate, narrow, or noisy glosses
intelligence|confirm|noun|心智|心智|保留固定中文原文中的常见义；其他片段为重复、次要或噪声
picture|confirm|noun|照片|照片|Reviewed common sense; omitted duplicate, narrow, or noisy glosses
picture|confirm|noun|图画|图画|Reviewed common sense; omitted duplicate, narrow, or noisy glosses
everyone|confirm|pron|每一個|每一個|保留固定中文原文中的常见义；其他片段为重复、次要或噪声
event|confirm|noun|事件|事件|Reviewed common sense; omitted duplicate, narrow, or noisy glosses
either|confirm|conj|或者|或者|Reviewed common sense; omitted duplicate, narrow, or noisy glosses
step|confirm|noun|步|步|Reviewed common sense; omitted duplicate, narrow, or noisy glosses
habit|confirm|noun|习惯|习惯|保留固定中文原文中的常见义；其他片段为重复、次要或噪声
similar|confirm|adj|相似的|相似的|保留固定中文原文中的常见义；其他片段为重复、次要或噪声
necessary|confirm|adj|必要的|必要的|保留固定中文原文中的常见义；其他片段为重复、次要或噪声
chance|confirm|noun|机会|机会|Reviewed common sense; omitted duplicate, narrow, or noisy glosses
foreign|confirm|adj|外国的|外國的|Reviewed common sense; omitted duplicate, narrow, or noisy glosses
apply|confirm|verb|用|用|Reviewed common sense; omitted duplicate, narrow, or noisy glosses
father|confirm|noun|爸爸|爸爸|Reviewed common sense; omitted duplicate, narrow, or noisy glosses
driver|confirm|noun|司机|司機|Reviewed common sense; omitted duplicate, narrow, or noisy glosses
oil|confirm|noun|油|油|保留固定中文原文中的常见义；其他片段为重复、次要或噪声
anything|candidate|pron|什么|什么|Fixed Chinese original does not securely support a common sense at this POS; held from display
access|confirm|noun|进入|进入|Reviewed common sense; omitted duplicate, narrow, or noisy glosses
sport|confirm|noun|运动|运动|Reviewed common sense; omitted duplicate, narrow, or noisy glosses
exist|confirm|verb|存在|存在|保留固定中文原文中的常见义；其他片段为重复、次要或噪声
advantage|confirm|noun|好处|好处|采用常见利益义“好处”；“利益”近义重复不另列
newspaper|confirm|noun|报纸|报纸|保留固定中文原文中的常见义；其他片段为重复、次要或噪声
remember|confirm|verb|记得|记得|Reviewed common sense; omitted duplicate, narrow, or noisy glosses
agree|confirm|verb|赞成|贊成|Reviewed common sense; omitted duplicate, narrow, or noisy glosses
manager|confirm|noun|老板|老板|保留固定中文原文中的常见义；其他片段为重复、次要或噪声
land|confirm|noun|土地|土地|Reviewed common sense; omitted duplicate, narrow, or noisy glosses
solve|no_source||||固定两来源无可绑定的中文原文；不展示
function|confirm|noun|函数|函数|保留固定中文原文中的常见义；其他片段为重复、次要或噪声
management|candidate|noun|方向|方向|Fixed Chinese original does not securely support a common sense at this POS; held from display
phrase|confirm|noun|短语|短语|Reviewed common sense; omitted duplicate, narrow, or noisy glosses
experiment|confirm|noun|实验|实验|保留固定中文原文中的常见义；其他片段为重复、次要或噪声
structure|confirm|noun|结构|结构|Reviewed common sense; omitted duplicate, narrow, or noisy glosses
everything|candidate|pron|什么|什么|Fixed Chinese original does not securely support a common sense at this POS; held from display
sit|confirm|verb|坐|坐|Reviewed common sense; omitted duplicate, narrow, or noisy glosses
seek|confirm|verb|寻找|寻找|保留固定中文原文中的常见义；其他片段为重复、次要或噪声
message|confirm|noun|消息|消息|Reviewed common sense; omitted duplicate, narrow, or noisy glosses
per|candidate|prep|上|上|Fixed Chinese original does not securely support a common sense at this POS; held from display
promote|candidate|verb|授予博士学位|授予博士学位|Fixed Chinese original does not securely support a common sense at this POS; held from display
figure|confirm|noun|数字|数字|Reviewed common sense; omitted duplicate, narrow, or noisy glosses
road|confirm|noun|路|路|保留固定中文原文中的常见义；其他片段为重复、次要或噪声
limit|confirm|noun|限制|限制|Reviewed common sense; omitted duplicate, narrow, or noisy glosses
sometimes|confirm|adv|有时|有时|保留固定中文原文中的常见义；其他片段为重复、次要或噪声
fear|confirm|verb|害怕|害怕|保留固定中文原文中的常见义；其他片段为重复、次要或噪声
supply|confirm|verb|供给|供給|Reviewed common sense; omitted duplicate, narrow, or noisy glosses
argument|confirm|noun|争吵|争吵|Reviewed common sense; omitted duplicate, narrow, or noisy glosses
argument|confirm|noun|论点|論點|Reviewed common sense; omitted duplicate, narrow, or noisy glosses
effective|no_source||||固定两来源无可绑定的中文原文；不展示
prevent|confirm|verb|阻碍|阻礙|Reviewed common sense; omitted duplicate, narrow, or noisy glosses
pattern|confirm|noun|图案|图案|保留固定中文原文中的常见义；其他片段为重复、次要或噪声
baby|confirm|noun|婴儿|婴儿|Reviewed common sense; omitted duplicate, narrow, or noisy glosses
search|confirm|verb|找|找|Reviewed common sense; omitted duplicate, narrow, or noisy glosses
response|confirm|noun|回答|回答|保留固定中文原文中的常见义；其他片段为重复、次要或噪声
beyond|no_source||||固定两来源无可绑定的中文原文；不展示
regard|confirm|verb|看|看|Reviewed common sense; omitted duplicate, narrow, or noisy glosses
reader|confirm|noun|读者|讀者|Reviewed common sense; omitted duplicate, narrow, or noisy glosses
serious|confirm|adj|认真|认真|保留固定中文原文中的常见义；其他片段为重复、次要或噪声
near|confirm|adj|近|近|Reviewed common sense; omitted duplicate, narrow, or noisy glosses
serve|confirm|verb|服务|服务|Reviewed common sense; omitted duplicate, narrow, or noisy glosses
president|confirm|noun|总统|总统|保留固定中文原文中的常见义；其他片段为重复、次要或噪声
heart|confirm|noun|心脏|心脏|保留固定中文原文中的常见义；其他片段为重复、次要或噪声
black|confirm|adj|黑色的|黑色的|Reviewed common sense; omitted duplicate, narrow, or noisy glosses
traffic|confirm|noun|交通|交通|保留固定中文原文中的常见义；其他片段为重复、次要或噪声
walk|confirm|verb|走|走|保留固定中文原文中的常见义；其他片段为重复、次要或噪声
determine|candidate|verb|安排|安排|Fixed Chinese original does not securely support a common sense at this POS; held from display
speech|confirm|noun|演说|演說|Reviewed common sense; omitted duplicate, narrow, or noisy glosses
award|confirm|noun|奖|奖|Reviewed common sense; omitted duplicate, narrow, or noisy glosses
award|confirm|verb|奖励|獎勵|Reviewed common sense; omitted duplicate, narrow, or noisy glosses
prepare|confirm|verb|准备|准备|保留固定中文原文中的常见义；其他片段为重复、次要或噪声
except|confirm|prep|除了|除了|Reviewed common sense; omitted duplicate, narrow, or noisy glosses
publish|confirm|verb|出版|出版|保留固定中文原文中的常见义；其他片段为重复、次要或噪声
digital|confirm|adj|数字的|数字|Reviewed common sense; omitted duplicate, narrow, or noisy glosses
mental|candidate|adj|精神|精神|Fixed Chinese original does not securely support a common sense at this POS; held from display
positive|candidate|adj|正|正|Fixed Chinese original does not securely support a common sense at this POS; held from display
outside|confirm|adv|外边|外邊|Reviewed common sense; omitted duplicate, narrow, or noisy glosses
party|confirm|noun|党|党|保留固定中文原文中的常见义；其他片段为重复、次要或噪声
dream|confirm|noun|梦想|夢想|Reviewed common sense; omitted duplicate, narrow, or noisy glosses
dream|confirm|verb|梦见|夢見|Reviewed common sense; omitted duplicate, narrow, or noisy glosses
increasingly|confirm|adv|越来越|越来越|保留固定中文原文中的常见义；其他片段为重复、次要或噪声
trade|confirm|noun|贸易|貿易|Reviewed common sense; omitted duplicate, narrow, or noisy glosses
contribute|confirm|verb|贡献|貢獻|Reviewed common sense; omitted duplicate, narrow, or noisy glosses
drink|confirm|verb|喝|喝|Reviewed common sense; omitted duplicate, narrow, or noisy glosses
drink|confirm|noun|饮料|饮料|Reviewed common sense; omitted duplicate, narrow, or noisy glosses
himself|candidate|pron|同一|同一|Fixed Chinese original does not securely support a common sense at this POS; held from display
achieve|confirm|verb|取得|取得|保留固定中文原文中的常见义；其他片段为重复、次要或噪声
conflict|confirm|noun|冲突|衝突|Reviewed common sense; omitted duplicate, narrow, or noisy glosses
trouble|confirm|noun|难题|难题|Reviewed common sense; omitted duplicate, narrow, or noisy glosses
nearly|confirm|adv|几乎|几乎|保留固定中文原文中的常见义；其他片段为重复、次要或噪声
girl|confirm|noun|女孩|女孩|保留固定中文原文中的常见义；其他片段为重复、次要或噪声
status|confirm|noun|状态|状态|保留固定中文原文中的常见义；其他片段为重复、次要或噪声
exercise|confirm|noun|练习|练习|Reviewed common sense; omitted duplicate, narrow, or noisy glosses
exercise|confirm|verb|练|练|Reviewed common sense; omitted duplicate, narrow, or noisy glosses
various|confirm|adj|各|各|保留固定中文原文中的常见义；其他片段为重复、次要或噪声
basic|confirm|adj|基本的|基本的|Reviewed common sense; omitted duplicate, narrow, or noisy glosses
fit|confirm|verb|适合|適合|Reviewed common sense; omitted duplicate, narrow, or noisy glosses
fit|confirm|adj|适当|適當|Reviewed common sense; omitted duplicate, narrow, or noisy glosses
above|confirm|adv|上边|上边|Reviewed common sense; omitted duplicate, narrow, or noisy glosses
occur|confirm|verb|发生|发生|Reviewed common sense; omitted duplicate, narrow, or noisy glosses
refer|no_source||||固定两来源无可绑定的中文原文；不展示
die|confirm|verb|死|死|Reviewed common sense; omitted duplicate, narrow, or noisy glosses
town|confirm|noun|城市|城市|保留固定中文原文中的常见义；其他片段为重复、次要或噪声
maintain|confirm|verb|维修|维修|保留固定中文原文中的常见义；其他片段为重复、次要或噪声
wait|confirm|verb|等|等|保留固定中文原文中的常见义；其他片段为重复、次要或噪声
failure|confirm|noun|失败|失敗|Reviewed common sense; omitted duplicate, narrow, or noisy glosses
composition|confirm|noun|合金|合金|保留固定中文原文中的常见义；其他片段为重复、次要或噪声
attend|candidate|verb|上|上|Fixed Chinese original does not securely support a common sense at this POS; held from display
critical|no_source||||固定两来源无可绑定的中文原文；不展示
alone|confirm|adv|只|只|Reviewed common sense; omitted duplicate, narrow, or noisy glosses
meeting|confirm|noun|会议|會議|Reviewed common sense; omitted duplicate, narrow, or noisy glosses
tax|confirm|noun|税|税|Reviewed common sense; omitted duplicate, narrow, or noisy glosses
feature|confirm|noun|特征|特徵|Reviewed common sense; omitted duplicate, narrow, or noisy glosses
express|confirm|verb|表示|表示|保留固定中文原文中的常见义；其他片段为重复、次要或噪声
shift|confirm|noun|班|班|保留固定中文原文中的常见义；其他片段为重复、次要或噪声
hundred|confirm|num|百|百|保留固定中文原文中的常见义；其他片段为重复、次要或噪声
simple|confirm|adj|简单|简单|Reviewed common sense; omitted duplicate, narrow, or noisy glosses
successful|no_source||||固定两来源无可绑定的中文原文；不展示
thousand|confirm|num|千|千|保留固定中文原文中的常见义；其他片段为重复、次要或噪声
theory|confirm|noun|理论|理論|Reviewed common sense; omitted duplicate, narrow, or noisy glosses
key|confirm|noun|钥匙|钥匙|Reviewed common sense; omitted duplicate, narrow, or noisy glosses
image|confirm|noun|图像|图像|保留固定中文原文中的常见义；其他片段为重复、次要或噪声
couple|confirm|noun|对|对|Reviewed common sense; omitted duplicate, narrow, or noisy glosses
whose|candidate|det|豚鼠|豚鼠|Fixed Chinese original does not securely support a common sense at this POS; held from display
catch|confirm|verb|抓住|抓住|Reviewed common sense; omitted duplicate, narrow, or noisy glosses
select|no_source||||固定两来源无可绑定的中文原文；不展示
card|confirm|noun|卡|卡|保留固定中文原文中的常见义；其他片段为重复、次要或噪声
cover|confirm|verb|覆盖|覆盖|Reviewed common sense; omitted duplicate, narrow, or noisy glosses
cover|confirm|noun|书皮|書皮|Reviewed common sense; omitted duplicate, narrow, or noisy glosses
earn|confirm|verb|挣|掙|Reviewed common sense; omitted duplicate, narrow, or noisy glosses
farmer|confirm|noun|农民|农民|Reviewed common sense; omitted duplicate, narrow, or noisy glosses
trend|confirm|noun|趋势|趋势|Reviewed common sense; omitted duplicate, narrow, or noisy glosses
attract|candidate|verb|迷|迷|Fixed Chinese original does not securely support a common sense at this POS; held from display
clean|confirm|adj|干净|乾淨|Reviewed common sense; omitted duplicate, narrow, or noisy glosses
clean|confirm|verb|打扫|打掃|Reviewed common sense; omitted duplicate, narrow, or noisy glosses
method|confirm|noun|方法|方法|保留固定中文原文中的常见义；其他片段为重复、次要或噪声
promise|confirm|noun|承诺|承诺|Reviewed common sense; omitted duplicate, narrow, or noisy glosses
desire|confirm|noun|欲望|慾望|Reviewed common sense; omitted duplicate, narrow, or noisy glosses
lie|confirm|noun|谎言|谎言|Reviewed common sense; omitted duplicate, narrow, or noisy glosses
lie|confirm|verb|说谎|说谎|Reviewed common sense; omitted duplicate, narrow, or noisy glosses
healthy|confirm|adj|健康|健康|保留固定中文原文中的常见义；其他片段为重复、次要或噪声
rest|confirm|noun|休息|休息|Reviewed common sense; omitted duplicate, narrow, or noisy glosses
difficulty|confirm|noun|困難|困難|保留固定中文原文中的常见义；其他片段为重复、次要或噪声
network|confirm|noun|互联网|互联网|保留固定中文原文中的常见义；其他片段为重复、次要或噪声
billion|confirm|num|十億|十億|保留固定中文原文中的常见义；其他片段为重复、次要或噪声
detail|confirm|noun|细节|細節|Reviewed common sense; omitted duplicate, narrow, or noisy glosses
daily|confirm|adv|天天|天天|Reviewed common sense; omitted duplicate, narrow, or noisy glosses
daily|confirm|adj|每天的|每天的|Reviewed common sense; omitted duplicate, narrow, or noisy glosses
normal|confirm|adj|正常|正常|Reviewed common sense; omitted duplicate, narrow, or noisy glosses
reward|confirm|noun|报酬|報酬|Reviewed common sense; omitted duplicate, narrow, or noisy glosses
post|confirm|noun|职位|职位|Reviewed common sense; omitted duplicate, narrow, or noisy glosses
cook|confirm|verb|做饭|做飯|Reviewed common sense; omitted duplicate, narrow, or noisy glosses
cook|confirm|noun|厨师|厨师|Reviewed common sense; omitted duplicate, narrow, or noisy glosses
upon|candidate|prep|酸|酸|Fixed Chinese original does not securely support a common sense at this POS; held from display
thus|confirm|adv|所以|所以|保留固定中文原文中的常见义；其他片段为重复、次要或噪声
toward|confirm|prep|到|到|Reviewed common sense; omitted duplicate, narrow, or noisy glosses
discover|confirm|verb|发现|发现|保留固定中文原文中的常见义；其他片段为重复、次要或噪声
behind|confirm|prep|后边|后边|Reviewed common sense; omitted duplicate, narrow, or noisy glosses
introduce|confirm|verb|介绍|介紹|Reviewed common sense; omitted duplicate, narrow, or noisy glosses
else|confirm|adj|其他|其他|Reviewed common sense; omitted duplicate, narrow, or noisy glosses
drop|confirm|noun|滴|滴|保留固定中文原文中的常见义；其他片段为重复、次要或噪声
device|candidate|noun|措施|措施|Fixed Chinese original does not securely support a common sense at this POS; held from display
court|confirm|noun|法庭|法庭|保留固定中文原文中的常见义；其他片段为重复、次要或噪声
drug|confirm|noun|毒品|毒品|保留固定中文原文中的常见义；其他片段为重复、次要或噪声
warm|confirm|adj|热|热|保留固定中文原文中的常见义；其他片段为重复、次要或噪声
range|confirm|noun|范围|范围|Reviewed common sense; omitted duplicate, narrow, or noisy glosses
solution|confirm|noun|溶液|溶液|保留固定中文原文中的常见义；其他片段为重复、次要或噪声
essential|confirm|noun|要旨|要旨|Reviewed common sense; omitted duplicate, narrow, or noisy glosses
particular|confirm|adj|专门|专门|保留固定中文原文中的常见义；其他片段为重复、次要或噪声
fashion|confirm|noun|时尚|时尚|保留固定中文原文中的常见义；其他片段为重复、次要或噪声
indicate|confirm|verb|表示|表示|Reviewed common sense; omitted duplicate, narrow, or noisy glosses
accident|confirm|noun|事故|事故|保留固定中文原文中的常见义；其他片段为重复、次要或噪声
slow|confirm|adj|慢|慢|保留固定中文原文中的常见义；其他片段为重复、次要或噪声
six|confirm|num|六|六|保留固定中文原文中的常见义；其他片段为重复、次要或噪声
attach|no_source||||固定两来源无可绑定的中文原文；不展示
error|confirm|noun|错误|錯誤|Reviewed common sense; omitted duplicate, narrow, or noisy glosses
happy|confirm|adj|快乐|快乐|保留固定中文原文中的常见义；其他片段为重复、次要或噪声
credit|confirm|noun|功劳|功劳|Reviewed common sense; omitted duplicate, narrow, or noisy glosses
expensive|confirm|adj|貴|貴|保留固定中文原文中的常见义；其他片段为重复、次要或噪声
finish|confirm|verb|完成|完成|Reviewed common sense; omitted duplicate, narrow, or noisy glosses
deep|confirm|adj|深|深|Reviewed common sense; omitted duplicate, narrow, or noisy glosses
bill|confirm|noun|发票|发票|Reviewed common sense; omitted duplicate, narrow, or noisy glosses
fire|confirm|noun|火|火|保留固定中文原文中的常见义；其他片段为重复、次要或噪声
site|confirm|noun|地|地|保留固定中文原文中的常见义；其他片段为重复、次要或噪声
moment|confirm|noun|刻|刻|保留固定中文原文中的常见义；其他片段为重复、次要或噪声
belief|confirm|noun|信仰|信仰|保留固定中文原文中的常见义；其他片段为重复、次要或噪声
museum|confirm|noun|博物馆|博物馆|保留固定中文原文中的常见义；其他片段为重复、次要或噪声
finally|confirm|adv|终于|终于|保留固定中文原文中的常见义；其他片段为重复、次要或噪声
address|confirm|noun|地址|地址|保留固定中文原文中的常见义；其他片段为重复、次要或噪声
concept|confirm|noun|概念|概念|保留固定中文原文中的常见义；其他片段为重复、次要或噪声
crime|confirm|noun|罪|罪|保留固定中文原文中的常见义；其他片段为重复、次要或噪声
damage|candidate|noun|遗憾的|遗憾的|Fixed Chinese original does not securely support a common sense at this POS; held from display
negative|confirm|adj|否定|否定|Reviewed common sense; omitted duplicate, narrow, or noisy glosses
size|confirm|noun|号|号|保留固定中文原文中的常见义；其他片段为重复、次要或噪声
restaurant|confirm|noun|餐馆|餐馆|保留固定中文原文中的常见义；其他片段为重复、次要或噪声
federal|no_source||||固定两来源无可绑定的中文原文；不展示
labor|no_source||||固定两来源无可绑定的中文原文；不展示
progress|confirm|noun|进步|进步|Reviewed common sense; omitted duplicate, narrow, or noisy glosses
robot|confirm|noun|机器人|机器人|保留固定中文原文中的常见义；其他片段为重复、次要或噪声
movement|candidate|noun|乐章|乐章|Fixed Chinese original does not securely support a common sense at this POS; held from display
weather|confirm|noun|天气|天气|保留固定中文原文中的常见义；其他片段为重复、次要或噪声
infer|confirm|verb|推斷|推斷|保留固定中文原文中的常见义；其他片段为重复、次要或噪声
enter|confirm|verb|进入|進入|Reviewed common sense; omitted duplicate, narrow, or noisy glosses
charge|confirm|noun|电荷|电荷|Reviewed common sense; omitted duplicate, narrow, or noisy glosses
charge|confirm|noun|价格|价格|Reviewed common sense; omitted duplicate, narrow, or noisy glosses
charge|confirm|noun|指控|指控|Reviewed common sense; omitted duplicate, narrow, or noisy glosses
medicine|confirm|noun|药|药|Reviewed common sense; omitted duplicate, narrow, or noisy glosses
engage|candidate|verb|攻擊|攻擊|Fixed Chinese original does not securely support a common sense at this POS; held from display
executive|confirm|noun|干部|干部|保留固定中文原文中的常见义；其他片段为重复、次要或噪声
wide|confirm|adj|宽|寬|Reviewed common sense; omitted duplicate, narrow, or noisy glosses
variety|no_source||||固定两来源无可绑定的中文原文；不展示
race|confirm|noun|奔|奔|保留固定中文原文中的常见义；其他片段为重复、次要或噪声
object|confirm|noun|对象|對象|Reviewed common sense; omitted duplicate, narrow, or noisy glosses
object|confirm|verb|反对|反對|Reviewed common sense; omitted duplicate, narrow, or noisy glosses
manage|candidate|verb|会|会|Fixed Chinese original does not securely support a common sense at this POS; held from display
hospital|confirm|noun|医院|医院|保留固定中文原文中的常见义；其他片段为重复、次要或噪声
official|confirm|adj|官方的|官方的|Reviewed common sense; omitted duplicate, narrow, or noisy glosses
huge|confirm|adj|庞大的|庞大的|保留固定中文原文中的常见义；其他片段为重复、次要或噪声
hire|confirm|verb|雇佣|雇傭|Reviewed common sense; omitted duplicate, narrow, or noisy glosses
treat|confirm|verb|办理|办理|Reviewed common sense; omitted duplicate, narrow, or noisy glosses
perform|confirm|verb|做|做|保留固定中文原文中的常见义；其他片段为重复、次要或噪声
employer|candidate|noun|僱傭|僱傭|Fixed Chinese original does not securely support a common sense at this POS; held from display
literature|confirm|noun|文学|文学|保留固定中文原文中的常见义；其他片段为重复、次要或噪声
profit|confirm|noun|利润|利润|Reviewed common sense; omitted duplicate, narrow, or noisy glosses
article|confirm|noun|文章|文章|保留固定中文原文中的常见义；其他片段为重复、次要或噪声
weight|candidate|noun|哑铃|哑铃|Fixed Chinese original does not securely support a common sense at this POS; held from display
investment|confirm|noun|投资|投资|保留固定中文原文中的常见义；其他片段为重复、次要或噪声
due|candidate|adj|满|满|Fixed Chinese original does not securely support a common sense at this POS; held from display
wear|confirm|verb|穿|穿|保留固定中文原文中的常见义；其他片段为重复、次要或噪声
define|no_source||||固定两来源无可绑定的中文原文；不展示
balance|candidate|noun|中立|中立|Fixed Chinese original does not securely support a common sense at this POS; held from display
enable|candidate|verb|开|开|Fixed Chinese original does not securely support a common sense at this POS; held from display
consumption|no_source||||固定两来源无可绑定的中文原文；不展示
character|confirm|noun|人物|人物|保留固定中文原文中的常见义；其他片段为重复、次要或噪声
crisis|confirm|noun|危机|危機|Reviewed common sense; omitted duplicate, narrow, or noisy glosses
dollar|confirm|noun|元|元|保留固定中文原文中的常见义；其他片段为重复、次要或噪声
green|confirm|adj|绿色|绿色|Reviewed common sense; omitted duplicate, narrow, or noisy glosses
immigrant|no_source||||固定两来源无可绑定的中文原文；不展示
contact|confirm|noun|接触|接触|Reviewed common sense; omitted duplicate, narrow, or noisy glosses
contact|confirm|verb|联系|聯繫|Reviewed common sense; omitted duplicate, narrow, or noisy glosses
reality|confirm|noun|现实|現實|Reviewed common sense; omitted duplicate, narrow, or noisy glosses
department|confirm|noun|部门|部门|Reviewed common sense; omitted duplicate, narrow, or noisy glosses
comment|confirm|noun|评论|评论|保留固定中文原文中的常见义；其他片段为重复、次要或噪声
board|confirm|noun|委员会|委员会|保留固定中文原文中的常见义；其他片段为重复、次要或噪声
consequence|confirm|noun|后果|後果|Reviewed common sense; omitted duplicate, narrow, or noisy glosses
style|confirm|noun|风格|风格|Reviewed common sense; omitted duplicate, narrow, or noisy glosses
fight|confirm|verb|打|打|Reviewed common sense; omitted duplicate, narrow, or noisy glosses
fight|confirm|noun|争斗|争斗|Reviewed common sense; omitted duplicate, narrow, or noisy glosses
advice|confirm|noun|劝告|劝告|保留固定中文原文中的常见义；其他片段为重复、次要或噪声
meal|confirm|noun|餐|餐|保留固定中文原文中的常见义；其他片段为重复、次要或噪声
worry|confirm|noun|擔心|擔心|保留固定中文原文中的常见义；其他片段为重复、次要或噪声
tool|confirm|noun|工具|工具|Reviewed common sense; omitted duplicate, narrow, or noisy glosses
waste|confirm|verb|浪费|浪费|保留固定中文原文中的常见义；其他片段为重复、次要或噪声
predict|confirm|verb|预测|預測|Reviewed common sense; omitted duplicate, narrow, or noisy glosses
despite|confirm|prep|尽管|儘管|Reviewed common sense; omitted duplicate, narrow, or noisy glosses
morning|confirm|noun|上午|上午|保留固定中文原文中的常见义；其他片段为重复、次要或噪声
operation|confirm|noun|手术|手术|保留固定中文原文中的常见义；其他片段为重复、次要或噪声
industrial|candidate|adj|产业|产业|Fixed Chinese original does not securely support a common sense at this POS; held from display
kill|confirm|verb|杀|杀|保留固定中文原文中的常见义；其他片段为重复、次要或噪声
specific|confirm|adj|实际|实际|保留固定中文原文中的常见义；其他片段为重复、次要或噪声
highly|confirm|adv|很|很|保留固定中文原文中的常见义；其他片段为重复、次要或噪声
purchase|confirm|verb|买|买|Reviewed common sense; omitted duplicate, narrow, or noisy glosses
director|confirm|noun|经理|經理|Reviewed common sense; omitted duplicate, narrow, or noisy glosses
significant|candidate|adj|大量|大量|Fixed Chinese original does not securely support a common sense at this POS; held from display
feeling|confirm|noun|感情|感情|Reviewed common sense; omitted duplicate, narrow, or noisy glosses
replace|candidate|verb|收|收|Fixed Chinese original does not securely support a common sense at this POS; held from display
yourself|candidate|pron|一|一|Fixed Chinese original does not securely support a common sense at this POS; held from display
print|confirm|verb|印刷|印刷|Reviewed common sense; omitted duplicate, narrow, or noisy glosses
shape|confirm|noun|形状|形狀|Reviewed common sense; omitted duplicate, narrow, or noisy glosses
thirty|confirm|num|三十|三十|保留固定中文原文中的常见义；其他片段为重复、次要或噪声
ground|confirm|noun|地|地|Reviewed common sense; omitted duplicate, narrow, or noisy glosses
screen|confirm|noun|屏幕|屏幕|保留固定中文原文中的常见义；其他片段为重复、次要或噪声
struggle|candidate|noun|摔跤|摔跤|Fixed Chinese original does not securely support a common sense at this POS; held from display
lay|confirm|verb|下蛋|下蛋|Reviewed common sense; omitted duplicate, narrow, or noisy glosses
sea|confirm|noun|海|海|保留固定中文原文中的常见义；其他片段为重复、次要或噪声
forget|confirm|verb|忘记|忘记|保留固定中文原文中的常见义；其他片段为重复、次要或噪声
expand|no_source||||固定两来源无可绑定的中文原文；不展示
cross|confirm|noun|十字|十字|保留固定中文原文中的常见义；其他片段为重复、次要或噪声
multiple|no_source||||固定两来源无可绑定的中文原文；不展示
wife|confirm|noun|妻子|妻子|保留固定中文原文中的常见义；其他片段为重复、次要或噪声
intellectual|confirm|noun|知识分子|知识分子|Reviewed common sense; omitted duplicate, narrow, or noisy glosses
fund|confirm|noun|资本|資本|Reviewed common sense; omitted duplicate, narrow, or noisy glosses
fund|confirm|verb|资助|以资金供给|Reviewed common sense; omitted duplicate, narrow, or noisy glosses
conduct|confirm|verb|举行|举行|保留固定中文原文中的常见义；其他片段为重复、次要或噪声
direct|confirm|adj|直接|直接|Reviewed common sense; omitted duplicate, narrow, or noisy glosses
direct|confirm|verb|导演|导演|Reviewed common sense; omitted duplicate, narrow, or noisy glosses
ensure|candidate|verb|带来|带来|Fixed Chinese original does not securely support a common sense at this POS; held from display
safety|confirm|noun|安全|安全|保留固定中文原文中的常见义；其他片段为重复、次要或噪声
region|confirm|noun|地区|地区|保留固定中文原文中的常见义；其他片段为重复、次要或噪声
tourist|no_source||||固定两来源无可绑定的中文原文；不展示
legal|confirm|adj|法律的|法律的|保留固定中文原文中的常见义；其他片段为重复、次要或噪声
link|confirm|verb|结合|结合|Reviewed common sense; omitted duplicate, narrow, or noisy glosses
reflect|confirm|verb|反射|反射|保留固定中文原文中的常见义；其他片段为重复、次要或噪声
aim|confirm|noun|目的|目的|Reviewed common sense; omitted duplicate, narrow, or noisy glosses
aim|confirm|verb|对准|对准|Reviewed common sense; omitted duplicate, narrow, or noisy glosses
husband|confirm|noun|丈夫|丈夫|保留固定中文原文中的常见义；其他片段为重复、次要或噪声
worth|confirm|adj|价值|价值|Reviewed common sense; omitted duplicate, narrow, or noisy glosses
freedom|confirm|noun|自由|自由|保留固定中文原文中的常见义；其他片段为重复、次要或噪声
suppose|confirm|verb|忖度|忖度|保留固定中文原文中的常见义；其他片段为重复、次要或噪声
poverty|confirm|noun|贫穷|贫穷|保留固定中文原文中的常见义；其他片段为重复、次要或噪声
advance|confirm|noun|进展|进展|Reviewed common sense; omitted duplicate, narrow, or noisy glosses
south|confirm|noun|南|南|Reviewed common sense; omitted duplicate, narrow, or noisy glosses
smoke|confirm|noun|烟|烟|保留固定中文原文中的常见义；其他片段为重复、次要或噪声
practical|confirm|adj|实用|实用|保留固定中文原文中的常见义；其他片段为重复、次要或噪声
male|confirm|adj|男|男|保留固定中文原文中的常见义；其他片段为重复、次要或噪声
commercial|confirm|noun|广告|广告|Reviewed common sense; omitted duplicate, narrow, or noisy glosses
peer|confirm|noun|同龄人|同龄人|保留常见同龄者义；省略孤立的“偶”
attack|confirm|noun|攻击|攻擊|Reviewed common sense; omitted duplicate, narrow, or noisy glosses
holiday|confirm|noun|假日|假日|保留固定中文原文中的常见义；其他片段为重复、次要或噪声
limited|no_source||||固定两来源无可绑定的中文原文；不展示
push|confirm|verb|推|推|Reviewed common sense; omitted duplicate, narrow, or noisy glosses
twenty|confirm|num|二十|二十|保留固定中文原文中的常见义；其他片段为重复、次要或噪声
police|confirm|noun|警察|警察|保留固定中文原文中的常见义；其他片段为重复、次要或噪声
film|confirm|noun|电影|电影|Reviewed common sense; omitted duplicate, narrow, or noisy glosses
review|confirm|noun|复习|复习|Reviewed common sense; omitted duplicate, narrow, or noisy glosses
review|confirm|verb|检查|检查|Reviewed common sense; omitted duplicate, narrow, or noisy glosses
attempt|confirm|noun|尝试|嘗試|Reviewed common sense; omitted duplicate, narrow, or noisy glosses
wealth|confirm|noun|富足|富足|保留固定中文原文中的常见义；其他片段为重复、次要或噪声
associate|confirm|noun|同事|同事|保留固定中文原文中的常见义；其他片段为重复、次要或噪声
prefer|no_source||||固定两来源无可绑定的中文原文；不展示
title|confirm|noun|标题|标题|Reviewed common sense; omitted duplicate, narrow, or noisy glosses
creative|candidate|adj|独创 獨創|独创 獨創|Fixed Chinese original does not securely support a common sense at this POS; held from display
trust|confirm|noun|信任|信任|Reviewed common sense; omitted duplicate, narrow, or noisy glosses
trust|confirm|verb|相信|相信|Reviewed common sense; omitted duplicate, narrow, or noisy glosses
ill|confirm|adj|难受|难受|Reviewed common sense; omitted duplicate, narrow, or noisy glosses
box|confirm|noun|箱子|箱子|保留固定中文原文中的常见义；其他片段为重复、次要或噪声
cry|confirm|verb|哭|哭|保留固定中文原文中的常见义；其他片段为重复、次要或噪声
hardly|candidate|adv|不大可能|不大可能|Fixed Chinese original does not securely support a common sense at this POS; held from display
responsible|confirm|adj|负责|负责|保留固定中文原文中的常见义；其他片段为重复、次要或噪声
track|confirm|noun|脚印|腳印|Reviewed common sense; omitted duplicate, narrow, or noisy glosses
warn|confirm|verb|警告|警告|保留固定中文原文中的常见义；其他片段为重复、次要或噪声
total|confirm|adj|全部|全部|Reviewed common sense; omitted duplicate, narrow, or noisy glosses
derive|confirm|verb|导出|导出|Reviewed common sense; omitted duplicate, narrow, or noisy glosses
china|confirm|noun|中国|中国|Reviewed common sense; omitted duplicate, narrow, or noisy glosses
china|confirm|noun|瓷器|瓷器|Reviewed common sense; omitted duplicate, narrow, or noisy glosses
textbook|confirm|noun|课本|课本|Reviewed common sense; omitted duplicate, narrow, or noisy glosses
extra|candidate|adv|余多|余多|Fixed Chinese original does not securely support a common sense at this POS; held from display
electronic|confirm|adj|电子|电子|保留固定中文原文中的常见义；其他片段为重复、次要或噪声
ignore|confirm|verb|不問|不問|保留固定中文原文中的常见义；其他片段为重复、次要或噪声
survive|confirm|verb|幸存|倖存|Reviewed common sense; omitted duplicate, narrow, or noisy glosses
bird|confirm|noun|鸟|鸟|保留固定中文原文中的常见义；其他片段为重复、次要或噪声
heavy|confirm|adj|重|重|保留固定中文原文中的常见义；其他片段为重复、次要或噪声
fuel|confirm|verb|加油|加油|保留固定中文原文中的常见义；其他片段为重复、次要或噪声
magazine|confirm|noun|杂志|杂志|保留固定中文原文中的常见义；其他片段为重复、次要或噪声
summer|confirm|noun|夏天|夏天|保留固定中文原文中的常见义；其他片段为重复、次要或噪声
complex|candidate|adj|綜合大樓|綜合大樓|Fixed Chinese original does not securely support a common sense at this POS; held from display
danger|confirm|noun|危险|危险|保留固定中文原文中的常见义；其他片段为重复、次要或噪声
piece|confirm|noun|片|片|保留固定中文原文中的常见义；其他片段为重复、次要或噪声
option|confirm|noun|選擇|選擇|保留固定中文原文中的常见义；其他片段为重复、次要或噪声
throughout|confirm|adv|到处|到处|保留固定中文原文中的常见义；其他片段为重复、次要或噪声
library|confirm|noun|图书馆|图书馆|保留固定中文原文中的常见义；其他片段为重复、次要或噪声
mention|confirm|verb|提起|提起|保留固定中文原文中的常见义；其他片段为重复、次要或噪声
institution|confirm|noun|单位|单位|保留固定中文原文中的常见义；其他片段为重复、次要或噪声
appeal|candidate|noun|要求|要求|Fixed Chinese original does not securely support a common sense at this POS; held from display
background|confirm|noun|历史|历史|Reviewed common sense; omitted duplicate, narrow, or noisy glosses
colleague|confirm|noun|同事|同事|保留固定中文原文中的常见义；其他片段为重复、次要或噪声
intend|candidate|verb|去|去|Fixed Chinese original does not securely support a common sense at this POS; held from display
strategy|confirm|noun|战略|戰略|Reviewed common sense; omitted duplicate, narrow, or noisy glosses
paint|confirm|verb|画|画|保留固定中文原文中的常见义；其他片段为重复、次要或噪声
exact|confirm|adj|正确|正確|Reviewed common sense; omitted duplicate, narrow, or noisy glosses
journal|confirm|noun|日记|日記|Reviewed common sense; omitted duplicate, narrow, or noisy glosses
grant|candidate|verb|住進|住進|Fixed Chinese original does not securely support a common sense at this POS; held from display
